household_id_1,household_id_2,link_type,time_step
dqcp176g,dqcnc7hq,2.0,0
dqcp176g,dqcp1ys8,1.0,0
dqcp176g,dqcnc78q,2.0,0
dqcp176g,dqcn9xvx,2.0,0
dqcnc7hq,dqcngjkj,2.0,0
dqcnc7hq,dqcnf6cg,2.0,0
dqcnc7hq,dqcnf3uz,1.0,0
dqcnc7hq,dqcnc78q,2.0,0
dqcnc7hq,dqcnc0y3,2.0,0
dqcnc7hq,dqcn9xvx,2.0,0
dqcnc29k,dqcnctbb,2.0,0
dqcnc29k,dqcp4kgx,2.0,0
dqcnc29k,dqcnc78q,2.0,0
dqcnc29k,dqcn9r0y,1.0,0
dqcngqhc,dqcne4gy,2.0,0
dqcngqhc,dqcnfqc3,2.0,0
dqcngqhc,dqcne1qu,2.0,0
dqcnbbdq,dqcncvkb,1.0,0
dqcnbbdq,dqcncf4c,1.0,0
dqcnbbdq,dqcnf794,2.0,0
dqcnbbdq,dqcncf6c,2.0,0
dqcnbbdq,dqcn9xvx,2.0,0
dqcncsjm,dqcnbchm,2.0,0
dqcncsjm,dqcng43b,2.0,0
dqcncsjm,dqcnfk5z,1.0,0
dqcncsjm,dqcp1rx0,2.0,0
dqcncsjm,dqcp1yv9,2.0,0
dqcncsjm,dqcne4gy,2.0,0
dqcncsjm,dqcncf6c,2.0,0
dqcncsjm,dqcng4te,2.0,0
dqcncsjm,dqcne1qu,2.0,0
dqcnbchm,dqcncu6f,1.0,0
dqcnbchm,dqcnfk5z,1.0,0
dqcnbchm,dqcnf6cj,2.0,0
dqcnbchm,dqcne4gy,2.0,0
dqcnbchm,dqcncdq7,2.0,0
dqcnbchm,dqcp4kgx,2.0,0
dqcnbchm,dqcncf6c,2.0,0
dqcng43b,dqcp1yv9,2.0,0
dqcng43b,dqcngjkj,2.0,0
dqcng43b,dqcnc78q,2.0,0
dqcng43b,dqcn9xvx,2.0,0
dqcng43b,dqcp1wg8,1.0,0
dqcnfpuz,dqcncu6f,2.0,0
dqcnfpuz,dqcncvkb,1.0,0
dqcnfpuz,dqcngjkj,2.0,0
dqcnfpuz,dqcng06w,2.0,0
dqcnfpuz,dqcnc78q,2.0,0
dqcnfpuz,dqcnc0y3,2.0,0
dqcnfpuz,dqcp1rzr,2.0,0
dqcnfpuz,dqcng4te,2.0,0
dqcnfpuz,dqcnfqc3,2.0,0
dqcp473c,dqcncvkb,1.0,0
dqcp473c,dqcp1rx0,1.0,0
dqcp473c,dqcnctbb,2.0,0
dqcp473c,dqcnc78q,2.0,0
dqcp473c,dqcncf6c,2.0,0
dqcncu6f,dqcnfk5z,2.0,0
dqcncu6f,dqcnf6cg,2.0,0
dqcncu6f,dqcnf3uz,2.0,0
dqcncvkb,dqcp1yv9,1.0,0
dqcncvkb,dqcncf4c,2.0,0
dqcncvkb,dqcncfq5,2.0,0
dqcncvkb,dqcne4gy,2.0,0
dqcncvkb,dqcnc6tb,2.0,0
dqcncvkb,dqcnc78q,2.0,0
dqcncvkb,dqcncf6c,2.0,0
dqcncvkb,dqcn9xvx,1.0,0
dqcnfk5z,dqcp1yv9,2.0,0
dqcnfk5z,dqcncf4c,1.0,0
dqcnfk5z,dqcnf6cj,2.0,0
dqcnfk5z,dqcne4gy,1.0,0
dqcnfk5z,dqcp1z6r,2.0,0
dqcnfk5z,dqcnc78q,1.0,0
dqcnfk5z,dqcnc0y3,2.0,0
dqcp1rx0,dqcnc7bc,2.0,0
dqcp1rx0,dqcp1z6r,2.0,0
dqcp1rx0,dqcp1rzr,2.0,0
dqcp1yv9,dqcng06w,2.0,0
dqcp1yv9,dqcnf3uz,2.0,0
dqcp1yv9,dqcnc7bc,2.0,0
dqcp1yv9,dqcp4kgx,1.0,0
dqcp1yv9,dqcncf6c,1.0,0
dqcp1yv9,dqcnfffs,2.0,0
dqcp1yv9,dqcncx6x,1.0,0
dqcnctbb,dqcng06w,2.0,0
dqcnctbb,dqcncdq7,2.0,0
dqcne6ct,dqcne4gy,2.0,0
dqcne6ct,dqcng06w,2.0,0
dqcne6ct,dqcp1rzr,2.0,0
dqcne6ct,dqcnfffs,2.0,0
dqcngjkj,dqcner94,2.0,0
dqcngjkj,dqcnf6cj,2.0,0
dqcngjkj,dqcnf3uz,1.0,0
dqcngjkj,dqcp4kgx,2.0,0
dqcngjkj,dqcnc78q,2.0,0
dqcngjkj,dqcncf6c,1.0,0
dqcngjkj,dqcnfqc3,2.0,0
dqcner94,dqcncf6c,2.0,0
dqcner94,dqcnfqc3,2.0,0
dqcner94,dqcnenmf,1.0,0
dqcnf6cg,dqcnf3uz,2.0,0
dqcnf6cg,dqcnfffs,2.0,0
dqcnf6cg,dqcne1qu,2.0,0
dqcncf4c,dqcnc0y3,2.0,0
dqcncf4c,dqcne1qu,2.0,0
dqcnf6cj,dqcnf3uz,1.0,0
dqcnf6cj,dqcnfffs,2.0,0
dqcnf6cj,dqcng4te,2.0,0
dqcnf6cj,dqcnc0gn,2.0,0
dqcnf6cj,dqcn9xvx,2.0,0
dqcnf6cj,dqcp1gxv,2.0,0
dqcncfq5,dqcnc6tb,2.0,0
dqcncfq5,dqcp1z6r,2.0,0
dqcne4gy,dqcnc0y3,2.0,0
dqcne4gy,dqcnfffs,1.0,0
dqcng06w,dqcnc6tb,2.0,0
dqcng06w,dqcp4kgx,2.0,0
dqcng06w,dqcnc78q,2.0,0
dqcng06w,dqcnc0y3,2.0,0
dqcng06w,dqcp1rzr,2.0,0
dqcng06w,dqcn9xvx,2.0,0
dqcnf3uz,dqcncf6c,2.0,0
dqcnf3uz,dqcn9r0y,2.0,0
dqcnc6tb,dqcp1z6r,2.0,0
dqcnc6tb,dqcnc0y3,2.0,0
dqcnc6tb,dqcncf6c,2.0,0
dqcnc6tb,dqcnfqc3,2.0,0
dqcnc6tb,dqcne1qu,2.0,0
dqcnc6tb,dqcn9xvx,1.0,0
dqcnc6tb,dqcp1gxv,2.0,0
dqcnc6tb,dqcnenmf,1.0,0
dqcnc7bc,dqcncf6c,2.0,0
dqcnc7bc,dqcnfffs,2.0,0
dqcp1z6r,dqcp1ys8,2.0,0
dqcp1z6r,dqcp4kgx,2.0,0
dqcncdq7,dqcncwc5,2.0,0
dqcncdq7,dqcnenmf,2.0,0
dqcp1ys8,dqcp4kgx,1.0,0
dqcp1ys8,dqcnc78q,2.0,0
dqcp1ys8,dqcnc0y3,2.0,0
dqcp1ys8,dqcnfqc3,2.0,0
dqcp4kgx,dqcp1gxv,2.0,0
dqcnc78q,dqcp1rzr,2.0,0
dqcnc78q,dqcncf6c,2.0,0
dqcnc78q,dqcnfqc3,2.0,0
dqcnc78q,dqcp1wg8,2.0,0
dqcnf794,dqcnc0y3,2.0,0
dqcnf794,dqcp1rzr,1.0,0
dqcnf794,dqcnfffs,2.0,0
dqcncwc5,dqcn9r0y,2.0,0
dqcnc0y3,dqcnfffs,2.0,0
dqcnc0y3,dqcnc0gn,2.0,0
dqcnc0y3,dqcnfqc3,2.0,0
dqcnc0y3,dqcncx6x,1.0,0
dqcp1rzr,dqcnc0gn,2.0,0
dqcncf6c,dqcng4te,2.0,0
dqcnfffs,dqcng4te,2.0,0
dqcnfffs,dqcnc0gn,2.0,0
dqcnfffs,dqcncx6x,2.0,0
dqcnfffs,dqcn9xvx,2.0,0
dqcnfffs,dqcp1wg8,2.0,0
dqcng4te,dqcncx6x,2.0,0
dqcng4te,dqcn9xvx,2.0,0
dqcng4te,dqcnenmf,1.0,0
dqcnc0gn,dqcnfqc3,2.0,0
dqcnc0gn,dqcn9xvx,1.0,0
dqcncx6x,dqcn9xvx,2.0,0
dqcn9xvx,dqcn9r0y,2.0,0
dqcp1wg8,dqcp1gxv,2.0,0
dqcp1wg8,dqcn9r0y,2.0,0
dqcp176g,dqcnc7hq,2.0,1
dqcp176g,dqcp1ys8,1.0,1
dqcp176g,dqcnc78q,2.0,1
dqcp176g,dqcn9xvx,2.0,1
dqcnc7hq,dqcngjkj,2.0,1
dqcnc7hq,dqcnf3uz,1.0,1
dqcnc7hq,dqcnc78q,2.0,1
dqcnc7hq,dqcnc0y3,2.0,1
dqcnc7hq,dqcn9xvx,2.0,1
dqcnc29k,dqcnctbb,2.0,1
dqcnc29k,dqcp4kgx,2.0,1
dqcnc29k,dqcnc78q,2.0,1
dqcnc29k,dqcn9r0y,1.0,1
dqcngqhc,dqcne4gy,2.0,1
dqcngqhc,dqcnfqc3,2.0,1
dqcngqhc,dqcne1qu,2.0,1
dqcnbbdq,dqcncvkb,1.0,1
dqcnbbdq,dqcncf4c,1.0,1
dqcncsjm,dqcnbchm,2.0,1
dqcncsjm,dqcng43b,2.0,1
dqcncsjm,dqcnfpuz,2.0,1
dqcncsjm,dqcnfk5z,1.0,1
dqcncsjm,dqcp1rx0,2.0,1
dqcncsjm,dqcp1yv9,2.0,1
dqcncsjm,dqcne4gy,2.0,1
dqcncsjm,dqcncf6c,2.0,1
dqcncsjm,dqcng4te,2.0,1
dqcncsjm,dqcne1qu,2.0,1
dqcnbchm,dqcncu6f,1.0,1
dqcnbchm,dqcnfk5z,1.0,1
dqcnbchm,dqcnf6cj,2.0,1
dqcnbchm,dqcne4gy,2.0,1
dqcnbchm,dqcncdq7,2.0,1
dqcnbchm,dqcp4kgx,2.0,1
dqcnbchm,dqcncf6c,2.0,1
dqcng43b,dqcp1yv9,2.0,1
dqcng43b,dqcngjkj,2.0,1
dqcng43b,dqcnc78q,2.0,1
dqcng43b,dqcn9xvx,2.0,1
dqcng43b,dqcp1wg8,1.0,1
dqcnfpuz,dqcncu6f,2.0,1
dqcnfpuz,dqcncvkb,1.0,1
dqcnfpuz,dqcngjkj,2.0,1
dqcnfpuz,dqcng06w,2.0,1
dqcnfpuz,dqcnc78q,2.0,1
dqcnfpuz,dqcnc0y3,2.0,1
dqcnfpuz,dqcp1rzr,2.0,1
dqcnfpuz,dqcng4te,2.0,1
dqcnfpuz,dqcnfqc3,2.0,1
dqcp473c,dqcncvkb,1.0,1
dqcp473c,dqcp1rx0,1.0,1
dqcp473c,dqcnctbb,2.0,1
dqcp473c,dqcnc78q,2.0,1
dqcp473c,dqcncf6c,2.0,1
dqcp473c,dqcnfqc3,2.0,1
dqcncu6f,dqcnfk5z,2.0,1
dqcncu6f,dqcnf3uz,2.0,1
dqcncvkb,dqcp1yv9,1.0,1
dqcncvkb,dqcncfq5,2.0,1
dqcncvkb,dqcne4gy,2.0,1
dqcncvkb,dqcnc6tb,2.0,1
dqcncvkb,dqcnc78q,2.0,1
dqcncvkb,dqcncf6c,2.0,1
dqcncvkb,dqcn9xvx,1.0,1
dqcnfk5z,dqcp1yv9,2.0,1
dqcnfk5z,dqcncf4c,1.0,1
dqcnfk5z,dqcnf6cj,2.0,1
dqcnfk5z,dqcne4gy,1.0,1
dqcnfk5z,dqcp1z6r,2.0,1
dqcnfk5z,dqcnc78q,1.0,1
dqcnfk5z,dqcnc0y3,2.0,1
dqcp1rx0,dqcnc7bc,2.0,1
dqcp1rx0,dqcp1z6r,2.0,1
dqcp1rx0,dqcp1rzr,2.0,1
dqcp1yv9,dqcng06w,2.0,1
dqcp1yv9,dqcnf3uz,2.0,1
dqcp1yv9,dqcnc7bc,2.0,1
dqcp1yv9,dqcp4kgx,1.0,1
dqcp1yv9,dqcncf6c,1.0,1
dqcp1yv9,dqcnfffs,2.0,1
dqcp1yv9,dqcncx6x,1.0,1
dqcnctbb,dqcng06w,2.0,1
dqcnctbb,dqcncdq7,2.0,1
dqcne6ct,dqcne4gy,2.0,1
dqcne6ct,dqcng06w,2.0,1
dqcne6ct,dqcp1rzr,2.0,1
dqcne6ct,dqcnfffs,2.0,1
dqcngjkj,dqcnf6cj,2.0,1
dqcngjkj,dqcnf3uz,1.0,1
dqcngjkj,dqcp4kgx,2.0,1
dqcngjkj,dqcnc78q,2.0,1
dqcngjkj,dqcncf6c,1.0,1
dqcngjkj,dqcnfqc3,2.0,1
dqcner94,dqcnenmf,1.0,1
dqcnf6cj,dqcnf3uz,1.0,1
dqcnf6cj,dqcnfffs,2.0,1
dqcnf6cj,dqcng4te,2.0,1
dqcnf6cj,dqcnc0gn,2.0,1
dqcnf6cj,dqcn9xvx,2.0,1
dqcnf6cj,dqcp1gxv,2.0,1
dqcncfq5,dqcnc6tb,2.0,1
dqcncfq5,dqcp1z6r,2.0,1
dqcne4gy,dqcnc0y3,2.0,1
dqcne4gy,dqcnfffs,1.0,1
dqcng06w,dqcnc6tb,2.0,1
dqcng06w,dqcp4kgx,2.0,1
dqcng06w,dqcnc78q,2.0,1
dqcng06w,dqcnc0y3,2.0,1
dqcng06w,dqcp1rzr,2.0,1
dqcng06w,dqcn9xvx,2.0,1
dqcnf3uz,dqcncf6c,2.0,1
dqcnf3uz,dqcn9r0y,2.0,1
dqcnc6tb,dqcp1z6r,2.0,1
dqcnc6tb,dqcnc0y3,2.0,1
dqcnc6tb,dqcncf6c,2.0,1
dqcnc6tb,dqcnfqc3,2.0,1
dqcnc6tb,dqcne1qu,2.0,1
dqcnc6tb,dqcn9xvx,1.0,1
dqcnc6tb,dqcp1gxv,2.0,1
dqcnc6tb,dqcnenmf,1.0,1
dqcnc7bc,dqcncf6c,2.0,1
dqcnc7bc,dqcnfffs,2.0,1
dqcp1z6r,dqcp1ys8,2.0,1
dqcp1z6r,dqcp4kgx,2.0,1
dqcncdq7,dqcncwc5,2.0,1
dqcncdq7,dqcnenmf,2.0,1
dqcp1ys8,dqcp4kgx,1.0,1
dqcp1ys8,dqcnc78q,2.0,1
dqcp1ys8,dqcnc0y3,2.0,1
dqcp1ys8,dqcnfqc3,2.0,1
dqcp4kgx,dqcn9xvx,2.0,1
dqcp4kgx,dqcp1gxv,2.0,1
dqcnc78q,dqcp1rzr,2.0,1
dqcnc78q,dqcncf6c,2.0,1
dqcnc78q,dqcnfqc3,2.0,1
dqcnc78q,dqcp1wg8,2.0,1
dqcnf794,dqcnc0y3,2.0,1
dqcnf794,dqcp1rzr,1.0,1
dqcnf794,dqcnfffs,2.0,1
dqcncwc5,dqcn9r0y,2.0,1
dqcnc0y3,dqcnfffs,2.0,1
dqcnc0y3,dqcnc0gn,2.0,1
dqcnc0y3,dqcnfqc3,2.0,1
dqcnc0y3,dqcncx6x,1.0,1
dqcp1rzr,dqcnc0gn,2.0,1
dqcncf6c,dqcng4te,2.0,1
dqcnfffs,dqcng4te,2.0,1
dqcnfffs,dqcnc0gn,2.0,1
dqcnfffs,dqcn9xvx,2.0,1
dqcnfffs,dqcp1wg8,2.0,1
dqcng4te,dqcn9xvx,2.0,1
dqcng4te,dqcnenmf,1.0,1
dqcnc0gn,dqcnfqc3,2.0,1
dqcnc0gn,dqcn9xvx,1.0,1
dqcn9xvx,dqcn9r0y,2.0,1
dqcp1wg8,dqcp1gxv,2.0,1
dqcp1wg8,dqcn9r0y,2.0,1
dqcp176g,dqcnc7hq,2.0,2
dqcp176g,dqcp1ys8,1.0,2
dqcp176g,dqcnc78q,2.0,2
dqcp176g,dqcn9xvx,2.0,2
dqcnc7hq,dqcngjkj,2.0,2
dqcnc7hq,dqcnf3uz,1.0,2
dqcnc7hq,dqcnc78q,2.0,2
dqcnc7hq,dqcnc0y3,2.0,2
dqcnc7hq,dqcn9xvx,2.0,2
dqcnc29k,dqcnctbb,2.0,2
dqcnc29k,dqcp4kgx,2.0,2
dqcnc29k,dqcnc78q,2.0,2
dqcnc29k,dqcn9r0y,1.0,2
dqcngqhc,dqcne4gy,2.0,2
dqcngqhc,dqcnfqc3,2.0,2
dqcngqhc,dqcne1qu,2.0,2
dqcnbbdq,dqcncvkb,1.0,2
dqcnbbdq,dqcncf4c,1.0,2
dqcncsjm,dqcnbchm,2.0,2
dqcncsjm,dqcng43b,2.0,2
dqcncsjm,dqcnfpuz,2.0,2
dqcncsjm,dqcnfk5z,1.0,2
dqcncsjm,dqcp1rx0,2.0,2
dqcncsjm,dqcp1yv9,2.0,2
dqcncsjm,dqcne4gy,2.0,2
dqcncsjm,dqcng4te,2.0,2
dqcncsjm,dqcne1qu,2.0,2
dqcnbchm,dqcncu6f,1.0,2
dqcnbchm,dqcnfk5z,1.0,2
dqcnbchm,dqcnf6cj,2.0,2
dqcnbchm,dqcne4gy,2.0,2
dqcnbchm,dqcncdq7,2.0,2
dqcnbchm,dqcp4kgx,2.0,2
dqcng43b,dqcp1yv9,2.0,2
dqcng43b,dqcngjkj,2.0,2
dqcng43b,dqcnc78q,2.0,2
dqcng43b,dqcn9xvx,2.0,2
dqcng43b,dqcp1wg8,1.0,2
dqcnfpuz,dqcncu6f,2.0,2
dqcnfpuz,dqcncvkb,1.0,2
dqcnfpuz,dqcngjkj,2.0,2
dqcnfpuz,dqcng06w,2.0,2
dqcnfpuz,dqcnc78q,2.0,2
dqcnfpuz,dqcnc0y3,2.0,2
dqcnfpuz,dqcp1rzr,2.0,2
dqcnfpuz,dqcng4te,2.0,2
dqcnfpuz,dqcnfqc3,2.0,2
dqcp473c,dqcncvkb,1.0,2
dqcp473c,dqcp1rx0,1.0,2
dqcp473c,dqcnctbb,2.0,2
dqcp473c,dqcnc78q,2.0,2
dqcp473c,dqcnfqc3,2.0,2
dqcncu6f,dqcnfk5z,2.0,2
dqcncu6f,dqcnf3uz,2.0,2
dqcncvkb,dqcp1yv9,1.0,2
dqcncvkb,dqcncfq5,2.0,2
dqcncvkb,dqcne4gy,2.0,2
dqcncvkb,dqcnc6tb,2.0,2
dqcncvkb,dqcnc78q,2.0,2
dqcncvkb,dqcn9xvx,1.0,2
dqcnfk5z,dqcp1yv9,2.0,2
dqcnfk5z,dqcncf4c,1.0,2
dqcnfk5z,dqcnf6cj,2.0,2
dqcnfk5z,dqcne4gy,1.0,2
dqcnfk5z,dqcp1z6r,2.0,2
dqcnfk5z,dqcnc78q,1.0,2
dqcnfk5z,dqcnc0y3,2.0,2
dqcp1rx0,dqcnc7bc,2.0,2
dqcp1rx0,dqcp1z6r,2.0,2
dqcp1rx0,dqcp1rzr,2.0,2
dqcp1yv9,dqcng06w,2.0,2
dqcp1yv9,dqcnf3uz,2.0,2
dqcp1yv9,dqcnc7bc,2.0,2
dqcp1yv9,dqcp4kgx,1.0,2
dqcp1yv9,dqcncf6c,1.0,2
dqcp1yv9,dqcnfffs,2.0,2
dqcp1yv9,dqcncx6x,1.0,2
dqcnctbb,dqcng06w,2.0,2
dqcnctbb,dqcncdq7,2.0,2
dqcne6ct,dqcne4gy,2.0,2
dqcne6ct,dqcng06w,2.0,2
dqcne6ct,dqcp1rzr,2.0,2
dqcne6ct,dqcnfffs,2.0,2
dqcngjkj,dqcnf6cj,2.0,2
dqcngjkj,dqcnf3uz,1.0,2
dqcngjkj,dqcp4kgx,2.0,2
dqcngjkj,dqcnc78q,2.0,2
dqcngjkj,dqcncf6c,1.0,2
dqcngjkj,dqcnfqc3,2.0,2
dqcner94,dqcnenmf,1.0,2
dqcnf6cj,dqcnf3uz,1.0,2
dqcnf6cj,dqcnfffs,2.0,2
dqcnf6cj,dqcng4te,2.0,2
dqcnf6cj,dqcnc0gn,2.0,2
dqcnf6cj,dqcn9xvx,2.0,2
dqcnf6cj,dqcp1gxv,2.0,2
dqcncfq5,dqcnc6tb,2.0,2
dqcncfq5,dqcp1z6r,2.0,2
dqcne4gy,dqcnc0y3,2.0,2
dqcne4gy,dqcnfffs,1.0,2
dqcng06w,dqcnc6tb,2.0,2
dqcng06w,dqcp4kgx,2.0,2
dqcng06w,dqcnc78q,2.0,2
dqcng06w,dqcnc0y3,2.0,2
dqcng06w,dqcp1rzr,2.0,2
dqcng06w,dqcn9xvx,2.0,2
dqcnf3uz,dqcn9r0y,2.0,2
dqcnc6tb,dqcp1z6r,2.0,2
dqcnc6tb,dqcnc0y3,2.0,2
dqcnc6tb,dqcnfqc3,2.0,2
dqcnc6tb,dqcne1qu,2.0,2
dqcnc6tb,dqcn9xvx,1.0,2
dqcnc6tb,dqcp1gxv,2.0,2
dqcnc6tb,dqcnenmf,1.0,2
dqcnc7bc,dqcnfffs,2.0,2
dqcp1z6r,dqcp1ys8,2.0,2
dqcp1z6r,dqcp4kgx,2.0,2
dqcncdq7,dqcncwc5,2.0,2
dqcncdq7,dqcnenmf,2.0,2
dqcp1ys8,dqcp4kgx,1.0,2
dqcp1ys8,dqcnc78q,2.0,2
dqcp1ys8,dqcnc0y3,2.0,2
dqcp1ys8,dqcnfqc3,2.0,2
dqcp4kgx,dqcn9xvx,2.0,2
dqcp4kgx,dqcp1gxv,2.0,2
dqcnc78q,dqcp1rzr,2.0,2
dqcnc78q,dqcnfqc3,2.0,2
dqcnc78q,dqcp1wg8,2.0,2
dqcnf794,dqcnc0y3,2.0,2
dqcnf794,dqcp1rzr,1.0,2
dqcnf794,dqcnfffs,2.0,2
dqcncwc5,dqcn9r0y,2.0,2
dqcnc0y3,dqcnfffs,2.0,2
dqcnc0y3,dqcnc0gn,2.0,2
dqcnc0y3,dqcnfqc3,2.0,2
dqcnc0y3,dqcncx6x,1.0,2
dqcp1rzr,dqcnc0gn,2.0,2
dqcnfffs,dqcng4te,2.0,2
dqcnfffs,dqcnc0gn,2.0,2
dqcnfffs,dqcn9xvx,2.0,2
dqcnfffs,dqcp1wg8,2.0,2
dqcng4te,dqcn9xvx,2.0,2
dqcng4te,dqcnenmf,1.0,2
dqcnc0gn,dqcnfqc3,2.0,2
dqcnc0gn,dqcn9xvx,1.0,2
dqcn9xvx,dqcn9r0y,2.0,2
dqcp1wg8,dqcp1gxv,2.0,2
dqcp1wg8,dqcn9r0y,2.0,2
dqcp176g,dqcnc7hq,2.0,3
dqcp176g,dqcp1ys8,1.0,3
dqcp176g,dqcnc78q,2.0,3
dqcp176g,dqcn9xvx,2.0,3
dqcnc7hq,dqcngjkj,2.0,3
dqcnc7hq,dqcnf3uz,1.0,3
dqcnc7hq,dqcnc78q,2.0,3
dqcnc7hq,dqcnc0y3,2.0,3
dqcnc7hq,dqcn9xvx,2.0,3
dqcnc29k,dqcnctbb,2.0,3
dqcnc29k,dqcp4kgx,2.0,3
dqcnc29k,dqcnc78q,2.0,3
dqcnc29k,dqcn9r0y,1.0,3
dqcngqhc,dqcne4gy,2.0,3
dqcngqhc,dqcnfqc3,2.0,3
dqcngqhc,dqcne1qu,2.0,3
dqcnbbdq,dqcncvkb,1.0,3
dqcnbbdq,dqcncf4c,1.0,3
dqcncsjm,dqcnbchm,2.0,3
dqcncsjm,dqcng43b,2.0,3
dqcncsjm,dqcnfpuz,2.0,3
dqcncsjm,dqcnfk5z,1.0,3
dqcncsjm,dqcp1rx0,2.0,3
dqcncsjm,dqcp1yv9,2.0,3
dqcncsjm,dqcne4gy,2.0,3
dqcncsjm,dqcng4te,2.0,3
dqcncsjm,dqcne1qu,2.0,3
dqcnbchm,dqcncu6f,1.0,3
dqcnbchm,dqcnfk5z,1.0,3
dqcnbchm,dqcnf6cj,2.0,3
dqcnbchm,dqcne4gy,2.0,3
dqcnbchm,dqcncdq7,2.0,3
dqcnbchm,dqcp4kgx,2.0,3
dqcng43b,dqcp1yv9,2.0,3
dqcng43b,dqcngjkj,2.0,3
dqcng43b,dqcnc78q,2.0,3
dqcng43b,dqcne1qu,2.0,3
dqcng43b,dqcn9xvx,2.0,3
dqcng43b,dqcp1wg8,1.0,3
dqcnfpuz,dqcncu6f,2.0,3
dqcnfpuz,dqcncvkb,1.0,3
dqcnfpuz,dqcngjkj,2.0,3
dqcnfpuz,dqcng06w,2.0,3
dqcnfpuz,dqcnc78q,2.0,3
dqcnfpuz,dqcnc0y3,2.0,3
dqcnfpuz,dqcp1rzr,2.0,3
dqcnfpuz,dqcng4te,2.0,3
dqcnfpuz,dqcnfqc3,2.0,3
dqcp473c,dqcncvkb,1.0,3
dqcp473c,dqcp1rx0,1.0,3
dqcncu6f,dqcnfk5z,2.0,3
dqcncu6f,dqcnf3uz,2.0,3
dqcncvkb,dqcp1yv9,1.0,3
dqcncvkb,dqcncfq5,2.0,3
dqcncvkb,dqcne4gy,2.0,3
dqcncvkb,dqcnc6tb,2.0,3
dqcncvkb,dqcnc78q,2.0,3
dqcncvkb,dqcn9xvx,1.0,3
dqcnfk5z,dqcp1yv9,2.0,3
dqcnfk5z,dqcncf4c,1.0,3
dqcnfk5z,dqcnf6cj,2.0,3
dqcnfk5z,dqcne4gy,1.0,3
dqcnfk5z,dqcp1z6r,2.0,3
dqcnfk5z,dqcnc78q,1.0,3
dqcnfk5z,dqcnc0y3,2.0,3
dqcp1rx0,dqcnc7bc,2.0,3
dqcp1rx0,dqcp1z6r,2.0,3
dqcp1rx0,dqcp1rzr,2.0,3
dqcp1yv9,dqcng06w,2.0,3
dqcp1yv9,dqcnf3uz,2.0,3
dqcp1yv9,dqcnc7bc,2.0,3
dqcp1yv9,dqcp1ys8,2.0,3
dqcp1yv9,dqcp4kgx,1.0,3
dqcp1yv9,dqcncf6c,1.0,3
dqcp1yv9,dqcnfffs,2.0,3
dqcp1yv9,dqcncx6x,1.0,3
dqcnctbb,dqcng06w,2.0,3
dqcnctbb,dqcncdq7,2.0,3
dqcne6ct,dqcne4gy,2.0,3
dqcne6ct,dqcng06w,2.0,3
dqcne6ct,dqcp1rzr,2.0,3
dqcne6ct,dqcnfffs,2.0,3
dqcngjkj,dqcnf6cj,2.0,3
dqcngjkj,dqcnf3uz,1.0,3
dqcngjkj,dqcp4kgx,2.0,3
dqcngjkj,dqcnc78q,2.0,3
dqcngjkj,dqcncf6c,1.0,3
dqcngjkj,dqcnfqc3,2.0,3
dqcner94,dqcnenmf,1.0,3
dqcnf6cj,dqcnf3uz,1.0,3
dqcnf6cj,dqcnfffs,2.0,3
dqcnf6cj,dqcng4te,2.0,3
dqcnf6cj,dqcnc0gn,2.0,3
dqcnf6cj,dqcn9xvx,2.0,3
dqcnf6cj,dqcp1gxv,2.0,3
dqcncfq5,dqcnc6tb,2.0,3
dqcncfq5,dqcp1z6r,2.0,3
dqcne4gy,dqcnc0y3,2.0,3
dqcne4gy,dqcnfffs,1.0,3
dqcng06w,dqcnc6tb,2.0,3
dqcng06w,dqcp4kgx,2.0,3
dqcng06w,dqcnc78q,2.0,3
dqcng06w,dqcnc0y3,2.0,3
dqcng06w,dqcp1rzr,2.0,3
dqcng06w,dqcn9xvx,2.0,3
dqcnf3uz,dqcn9r0y,2.0,3
dqcnc6tb,dqcp1z6r,2.0,3
dqcnc6tb,dqcnc0y3,2.0,3
dqcnc6tb,dqcnfqc3,2.0,3
dqcnc6tb,dqcne1qu,2.0,3
dqcnc6tb,dqcn9xvx,1.0,3
dqcnc6tb,dqcp1gxv,2.0,3
dqcnc6tb,dqcnenmf,1.0,3
dqcnc7bc,dqcnfffs,2.0,3
dqcp1z6r,dqcp1ys8,2.0,3
dqcp1z6r,dqcp4kgx,2.0,3
dqcncdq7,dqcncwc5,2.0,3
dqcncdq7,dqcnenmf,2.0,3
dqcp1ys8,dqcp4kgx,1.0,3
dqcp1ys8,dqcnc78q,2.0,3
dqcp1ys8,dqcnc0y3,2.0,3
dqcp1ys8,dqcnfqc3,2.0,3
dqcp4kgx,dqcn9xvx,2.0,3
dqcp4kgx,dqcp1gxv,2.0,3
dqcnc78q,dqcp1rzr,2.0,3
dqcnc78q,dqcnfqc3,2.0,3
dqcnc78q,dqcp1wg8,2.0,3
dqcnf794,dqcnc0y3,2.0,3
dqcnf794,dqcp1rzr,1.0,3
dqcnf794,dqcnfffs,2.0,3
dqcncwc5,dqcn9r0y,2.0,3
dqcnc0y3,dqcnfffs,2.0,3
dqcnc0y3,dqcnc0gn,2.0,3
dqcnc0y3,dqcnfqc3,2.0,3
dqcnc0y3,dqcncx6x,1.0,3
dqcp1rzr,dqcnc0gn,2.0,3
dqcnfffs,dqcng4te,2.0,3
dqcnfffs,dqcnc0gn,2.0,3
dqcnfffs,dqcn9xvx,2.0,3
dqcnfffs,dqcp1wg8,2.0,3
dqcng4te,dqcn9xvx,2.0,3
dqcng4te,dqcnenmf,1.0,3
dqcnc0gn,dqcnfqc3,2.0,3
dqcnc0gn,dqcn9xvx,1.0,3
dqcn9xvx,dqcn9r0y,2.0,3
dqcp1wg8,dqcp1gxv,2.0,3
dqcp1wg8,dqcn9r0y,2.0,3
dqcp176g,dqcnc7hq,2.0,4
dqcp176g,dqcp1ys8,1.0,4
dqcp176g,dqcnc78q,2.0,4
dqcp176g,dqcn9xvx,2.0,4
dqcnc7hq,dqcngjkj,2.0,4
dqcnc7hq,dqcnf3uz,1.0,4
dqcnc7hq,dqcnc78q,2.0,4
dqcnc7hq,dqcnc0y3,2.0,4
dqcnc7hq,dqcn9xvx,2.0,4
dqcnc29k,dqcnctbb,2.0,4
dqcnc29k,dqcp4kgx,2.0,4
dqcnc29k,dqcnc78q,2.0,4
dqcnc29k,dqcn9r0y,1.0,4
dqcngqhc,dqcne4gy,2.0,4
dqcngqhc,dqcnfqc3,2.0,4
dqcngqhc,dqcne1qu,2.0,4
dqcnbbdq,dqcncvkb,1.0,4
dqcnbbdq,dqcncf4c,1.0,4
dqcncsjm,dqcnbchm,2.0,4
dqcncsjm,dqcng43b,2.0,4
dqcncsjm,dqcnfpuz,2.0,4
dqcncsjm,dqcncvkb,2.0,4
dqcncsjm,dqcnfk5z,1.0,4
dqcncsjm,dqcp1rx0,2.0,4
dqcncsjm,dqcp1yv9,2.0,4
dqcncsjm,dqcne4gy,2.0,4
dqcncsjm,dqcng4te,2.0,4
dqcncsjm,dqcne1qu,2.0,4
dqcnbchm,dqcncu6f,1.0,4
dqcnbchm,dqcnfk5z,1.0,4
dqcnbchm,dqcnf6cj,2.0,4
dqcnbchm,dqcne4gy,2.0,4
dqcnbchm,dqcncdq7,2.0,4
dqcnbchm,dqcp4kgx,2.0,4
dqcng43b,dqcp1yv9,2.0,4
dqcng43b,dqcngjkj,2.0,4
dqcng43b,dqcnc78q,2.0,4
dqcng43b,dqcne1qu,2.0,4
dqcng43b,dqcn9xvx,2.0,4
dqcng43b,dqcp1wg8,1.0,4
dqcnfpuz,dqcncu6f,2.0,4
dqcnfpuz,dqcncvkb,1.0,4
dqcnfpuz,dqcngjkj,2.0,4
dqcnfpuz,dqcng06w,2.0,4
dqcnfpuz,dqcnc78q,2.0,4
dqcnfpuz,dqcnc0y3,2.0,4
dqcnfpuz,dqcp1rzr,2.0,4
dqcnfpuz,dqcng4te,2.0,4
dqcnfpuz,dqcnfqc3,2.0,4
dqcp473c,dqcncvkb,1.0,4
dqcp473c,dqcp1rx0,1.0,4
dqcncu6f,dqcnfk5z,2.0,4
dqcncu6f,dqcnf3uz,2.0,4
dqcncvkb,dqcp1yv9,1.0,4
dqcncvkb,dqcncfq5,2.0,4
dqcncvkb,dqcne4gy,2.0,4
dqcncvkb,dqcnc6tb,2.0,4
dqcncvkb,dqcnc78q,2.0,4
dqcncvkb,dqcn9xvx,1.0,4
dqcnfk5z,dqcp1yv9,2.0,4
dqcnfk5z,dqcncf4c,1.0,4
dqcnfk5z,dqcnf6cj,2.0,4
dqcnfk5z,dqcne4gy,1.0,4
dqcnfk5z,dqcp1z6r,2.0,4
dqcnfk5z,dqcnc78q,1.0,4
dqcnfk5z,dqcnc0y3,2.0,4
dqcp1rx0,dqcnc7bc,2.0,4
dqcp1rx0,dqcp1z6r,2.0,4
dqcp1rx0,dqcp1rzr,2.0,4
dqcp1yv9,dqcng06w,2.0,4
dqcp1yv9,dqcnf3uz,2.0,4
dqcp1yv9,dqcnc7bc,2.0,4
dqcp1yv9,dqcp1ys8,2.0,4
dqcp1yv9,dqcp4kgx,1.0,4
dqcp1yv9,dqcncf6c,1.0,4
dqcp1yv9,dqcnfffs,2.0,4
dqcp1yv9,dqcncx6x,1.0,4
dqcnctbb,dqcng06w,2.0,4
dqcnctbb,dqcncdq7,2.0,4
dqcne6ct,dqcne4gy,2.0,4
dqcne6ct,dqcng06w,2.0,4
dqcne6ct,dqcp1rzr,2.0,4
dqcne6ct,dqcnfffs,2.0,4
dqcngjkj,dqcnf6cj,2.0,4
dqcngjkj,dqcnf3uz,1.0,4
dqcngjkj,dqcp4kgx,2.0,4
dqcngjkj,dqcnc78q,2.0,4
dqcngjkj,dqcncf6c,1.0,4
dqcngjkj,dqcnfqc3,2.0,4
dqcner94,dqcnenmf,1.0,4
dqcnf6cj,dqcnf3uz,1.0,4
dqcnf6cj,dqcnfffs,2.0,4
dqcnf6cj,dqcng4te,2.0,4
dqcnf6cj,dqcnc0gn,2.0,4
dqcnf6cj,dqcn9xvx,2.0,4
dqcnf6cj,dqcp1gxv,2.0,4
dqcncfq5,dqcnc6tb,2.0,4
dqcncfq5,dqcp1z6r,2.0,4
dqcne4gy,dqcnc0y3,2.0,4
dqcne4gy,dqcnfffs,1.0,4
dqcng06w,dqcnc6tb,2.0,4
dqcng06w,dqcp4kgx,2.0,4
dqcng06w,dqcnc78q,2.0,4
dqcng06w,dqcnc0y3,2.0,4
dqcng06w,dqcp1rzr,2.0,4
dqcng06w,dqcn9xvx,2.0,4
dqcnf3uz,dqcp1ys8,2.0,4
dqcnf3uz,dqcn9r0y,2.0,4
dqcnc6tb,dqcp1z6r,2.0,4
dqcnc6tb,dqcnc0y3,2.0,4
dqcnc6tb,dqcnfqc3,2.0,4
dqcnc6tb,dqcne1qu,2.0,4
dqcnc6tb,dqcn9xvx,1.0,4
dqcnc6tb,dqcp1gxv,2.0,4
dqcnc6tb,dqcnenmf,1.0,4
dqcnc7bc,dqcnfffs,2.0,4
dqcp1z6r,dqcp1ys8,2.0,4
dqcp1z6r,dqcp4kgx,2.0,4
dqcncdq7,dqcncwc5,2.0,4
dqcncdq7,dqcnenmf,2.0,4
dqcp1ys8,dqcp4kgx,1.0,4
dqcp1ys8,dqcnc78q,2.0,4
dqcp1ys8,dqcnc0y3,2.0,4
dqcp1ys8,dqcnfqc3,2.0,4
dqcp4kgx,dqcn9xvx,2.0,4
dqcp4kgx,dqcp1gxv,2.0,4
dqcnc78q,dqcp1rzr,2.0,4
dqcnc78q,dqcnfqc3,2.0,4
dqcnc78q,dqcp1wg8,2.0,4
dqcnf794,dqcnc0y3,2.0,4
dqcnf794,dqcp1rzr,1.0,4
dqcnf794,dqcnfffs,2.0,4
dqcncwc5,dqcn9r0y,2.0,4
dqcnc0y3,dqcnfffs,2.0,4
dqcnc0y3,dqcnc0gn,2.0,4
dqcnc0y3,dqcnfqc3,2.0,4
dqcnc0y3,dqcncx6x,1.0,4
dqcp1rzr,dqcnc0gn,2.0,4
dqcnfffs,dqcng4te,2.0,4
dqcnfffs,dqcnc0gn,2.0,4
dqcnfffs,dqcn9xvx,2.0,4
dqcnfffs,dqcp1wg8,2.0,4
dqcng4te,dqcn9xvx,2.0,4
dqcng4te,dqcnenmf,1.0,4
dqcnc0gn,dqcnfqc3,2.0,4
dqcnc0gn,dqcn9xvx,1.0,4
dqcn9xvx,dqcn9r0y,2.0,4
dqcp1wg8,dqcp1gxv,2.0,4
dqcp1wg8,dqcn9r0y,2.0,4
dqcp176g,dqcnc7hq,2.0,5
dqcp176g,dqcp1ys8,1.0,5
dqcp176g,dqcnc78q,2.0,5
dqcp176g,dqcn9xvx,2.0,5
dqcnc7hq,dqcngjkj,2.0,5
dqcnc7hq,dqcnf3uz,1.0,5
dqcnc7hq,dqcnc78q,2.0,5
dqcnc7hq,dqcnc0y3,2.0,5
dqcnc7hq,dqcn9xvx,2.0,5
dqcnc29k,dqcnctbb,2.0,5
dqcnc29k,dqcp4kgx,2.0,5
dqcnc29k,dqcnc78q,2.0,5
dqcnc29k,dqcn9r0y,1.0,5
dqcngqhc,dqcne4gy,2.0,5
dqcngqhc,dqcnfqc3,2.0,5
dqcngqhc,dqcne1qu,2.0,5
dqcnbbdq,dqcncvkb,1.0,5
dqcnbbdq,dqcncf4c,1.0,5
dqcncsjm,dqcng43b,2.0,5
dqcncsjm,dqcnfpuz,2.0,5
dqcncsjm,dqcncvkb,2.0,5
dqcncsjm,dqcnfk5z,1.0,5
dqcncsjm,dqcp1rx0,2.0,5
dqcncsjm,dqcp1yv9,2.0,5
dqcncsjm,dqcne4gy,2.0,5
dqcncsjm,dqcng4te,2.0,5
dqcncsjm,dqcne1qu,2.0,5
dqcnbchm,dqcncu6f,1.0,5
dqcnbchm,dqcnfk5z,1.0,5
dqcng43b,dqcp1yv9,2.0,5
dqcng43b,dqcngjkj,2.0,5
dqcng43b,dqcnc78q,2.0,5
dqcng43b,dqcne1qu,2.0,5
dqcng43b,dqcn9xvx,2.0,5
dqcng43b,dqcp1wg8,1.0,5
dqcnfpuz,dqcncu6f,2.0,5
dqcnfpuz,dqcncvkb,1.0,5
dqcnfpuz,dqcngjkj,2.0,5
dqcnfpuz,dqcng06w,2.0,5
dqcnfpuz,dqcnc78q,2.0,5
dqcnfpuz,dqcnc0y3,2.0,5
dqcnfpuz,dqcp1rzr,2.0,5
dqcnfpuz,dqcng4te,2.0,5
dqcnfpuz,dqcnfqc3,2.0,5
dqcp473c,dqcncvkb,1.0,5
dqcp473c,dqcp1rx0,1.0,5
dqcncu6f,dqcnfk5z,2.0,5
dqcncu6f,dqcnf3uz,2.0,5
dqcncvkb,dqcnfk5z,2.0,5
dqcncvkb,dqcp1yv9,1.0,5
dqcncvkb,dqcncfq5,2.0,5
dqcncvkb,dqcne4gy,2.0,5
dqcncvkb,dqcnc6tb,2.0,5
dqcncvkb,dqcnc78q,2.0,5
dqcncvkb,dqcn9xvx,1.0,5
dqcnfk5z,dqcp1yv9,2.0,5
dqcnfk5z,dqcncf4c,1.0,5
dqcnfk5z,dqcnf6cj,2.0,5
dqcnfk5z,dqcne4gy,1.0,5
dqcnfk5z,dqcp1z6r,2.0,5
dqcnfk5z,dqcnc78q,1.0,5
dqcnfk5z,dqcnc0y3,2.0,5
dqcp1rx0,dqcnc7bc,2.0,5
dqcp1rx0,dqcp1z6r,2.0,5
dqcp1rx0,dqcp1rzr,2.0,5
dqcp1yv9,dqcng06w,2.0,5
dqcp1yv9,dqcnf3uz,2.0,5
dqcp1yv9,dqcnc7bc,2.0,5
dqcp1yv9,dqcp1ys8,2.0,5
dqcp1yv9,dqcp4kgx,1.0,5
dqcp1yv9,dqcncf6c,1.0,5
dqcp1yv9,dqcnfffs,2.0,5
dqcp1yv9,dqcncx6x,1.0,5
dqcnctbb,dqcng06w,2.0,5
dqcnctbb,dqcncdq7,2.0,5
dqcne6ct,dqcne4gy,2.0,5
dqcne6ct,dqcng06w,2.0,5
dqcne6ct,dqcp1rzr,2.0,5
dqcne6ct,dqcnfffs,2.0,5
dqcngjkj,dqcnf6cj,2.0,5
dqcngjkj,dqcnf3uz,1.0,5
dqcngjkj,dqcp4kgx,2.0,5
dqcngjkj,dqcnc78q,2.0,5
dqcngjkj,dqcncf6c,1.0,5
dqcngjkj,dqcng4te,2.0,5
dqcngjkj,dqcnfqc3,2.0,5
dqcner94,dqcnenmf,1.0,5
dqcnf6cj,dqcnf3uz,1.0,5
dqcnf6cj,dqcnfffs,2.0,5
dqcnf6cj,dqcng4te,2.0,5
dqcnf6cj,dqcnc0gn,2.0,5
dqcnf6cj,dqcn9xvx,2.0,5
dqcnf6cj,dqcp1gxv,2.0,5
dqcncfq5,dqcnc6tb,2.0,5
dqcncfq5,dqcp1z6r,2.0,5
dqcne4gy,dqcnc0y3,2.0,5
dqcne4gy,dqcnfffs,1.0,5
dqcng06w,dqcnc6tb,2.0,5
dqcng06w,dqcp4kgx,2.0,5
dqcng06w,dqcnc78q,2.0,5
dqcng06w,dqcnc0y3,2.0,5
dqcng06w,dqcp1rzr,2.0,5
dqcng06w,dqcn9xvx,2.0,5
dqcnf3uz,dqcp1ys8,2.0,5
dqcnf3uz,dqcn9r0y,2.0,5
dqcnc6tb,dqcp1z6r,2.0,5
dqcnc6tb,dqcnc0y3,2.0,5
dqcnc6tb,dqcnfqc3,2.0,5
dqcnc6tb,dqcne1qu,2.0,5
dqcnc6tb,dqcn9xvx,1.0,5
dqcnc6tb,dqcp1gxv,2.0,5
dqcnc6tb,dqcnenmf,1.0,5
dqcnc7bc,dqcnfffs,2.0,5
dqcp1z6r,dqcp1ys8,2.0,5
dqcp1z6r,dqcp4kgx,2.0,5
dqcncdq7,dqcncwc5,2.0,5
dqcncdq7,dqcnenmf,2.0,5
dqcp1ys8,dqcp4kgx,1.0,5
dqcp1ys8,dqcnc78q,2.0,5
dqcp1ys8,dqcnc0y3,2.0,5
dqcp1ys8,dqcnfqc3,2.0,5
dqcp4kgx,dqcn9xvx,2.0,5
dqcp4kgx,dqcp1gxv,2.0,5
dqcnc78q,dqcp1rzr,2.0,5
dqcnc78q,dqcnfqc3,2.0,5
dqcnc78q,dqcp1wg8,2.0,5
dqcnf794,dqcnc0y3,2.0,5
dqcnf794,dqcp1rzr,1.0,5
dqcnf794,dqcnfffs,2.0,5
dqcncwc5,dqcn9r0y,2.0,5
dqcnc0y3,dqcnfffs,2.0,5
dqcnc0y3,dqcnc0gn,2.0,5
dqcnc0y3,dqcnfqc3,2.0,5
dqcnc0y3,dqcncx6x,1.0,5
dqcp1rzr,dqcnc0gn,2.0,5
dqcnfffs,dqcng4te,2.0,5
dqcnfffs,dqcnc0gn,2.0,5
dqcnfffs,dqcn9xvx,2.0,5
dqcnfffs,dqcp1wg8,2.0,5
dqcng4te,dqcn9xvx,2.0,5
dqcng4te,dqcnenmf,1.0,5
dqcnc0gn,dqcnfqc3,2.0,5
dqcnc0gn,dqcn9xvx,1.0,5
dqcn9xvx,dqcn9r0y,2.0,5
dqcp1wg8,dqcp1gxv,2.0,5
dqcp1wg8,dqcn9r0y,2.0,5
dqcp176g,dqcnc7hq,2.0,6
dqcp176g,dqcp1ys8,1.0,6
dqcp176g,dqcnc78q,2.0,6
dqcp176g,dqcn9xvx,2.0,6
dqcnc7hq,dqcngjkj,2.0,6
dqcnc7hq,dqcnf3uz,1.0,6
dqcnc7hq,dqcnc78q,2.0,6
dqcnc7hq,dqcnc0y3,2.0,6
dqcnc7hq,dqcn9xvx,2.0,6
dqcnc29k,dqcnctbb,2.0,6
dqcnc29k,dqcp4kgx,2.0,6
dqcnc29k,dqcnc78q,2.0,6
dqcnc29k,dqcn9r0y,1.0,6
dqcngqhc,dqcne4gy,2.0,6
dqcngqhc,dqcnfqc3,2.0,6
dqcngqhc,dqcne1qu,2.0,6
dqcnbbdq,dqcncvkb,1.0,6
dqcnbbdq,dqcncf4c,1.0,6
dqcncsjm,dqcng43b,2.0,6
dqcncsjm,dqcnfpuz,2.0,6
dqcncsjm,dqcncvkb,2.0,6
dqcncsjm,dqcnfk5z,1.0,6
dqcncsjm,dqcp1rx0,2.0,6
dqcncsjm,dqcp1yv9,2.0,6
dqcncsjm,dqcne4gy,2.0,6
dqcncsjm,dqcng4te,2.0,6
dqcncsjm,dqcne1qu,2.0,6
dqcnbchm,dqcncu6f,1.0,6
dqcnbchm,dqcnfk5z,1.0,6
dqcng43b,dqcp1yv9,2.0,6
dqcng43b,dqcngjkj,2.0,6
dqcng43b,dqcnc78q,2.0,6
dqcng43b,dqcne1qu,2.0,6
dqcng43b,dqcn9xvx,2.0,6
dqcng43b,dqcp1wg8,1.0,6
dqcnfpuz,dqcncu6f,2.0,6
dqcnfpuz,dqcncvkb,1.0,6
dqcnfpuz,dqcngjkj,2.0,6
dqcnfpuz,dqcng06w,2.0,6
dqcnfpuz,dqcnc78q,2.0,6
dqcnfpuz,dqcnc0y3,2.0,6
dqcnfpuz,dqcp1rzr,2.0,6
dqcnfpuz,dqcng4te,2.0,6
dqcnfpuz,dqcnfqc3,2.0,6
dqcp473c,dqcncvkb,1.0,6
dqcp473c,dqcp1rx0,1.0,6
dqcncu6f,dqcnfk5z,2.0,6
dqcncu6f,dqcnf3uz,2.0,6
dqcncvkb,dqcnfk5z,2.0,6
dqcncvkb,dqcp1yv9,1.0,6
dqcncvkb,dqcncfq5,2.0,6
dqcncvkb,dqcne4gy,2.0,6
dqcncvkb,dqcnc6tb,2.0,6
dqcncvkb,dqcnc78q,2.0,6
dqcncvkb,dqcn9xvx,1.0,6
dqcnfk5z,dqcp1yv9,2.0,6
dqcnfk5z,dqcncf4c,1.0,6
dqcnfk5z,dqcnf6cj,2.0,6
dqcnfk5z,dqcne4gy,1.0,6
dqcnfk5z,dqcp1z6r,2.0,6
dqcnfk5z,dqcnc78q,1.0,6
dqcnfk5z,dqcnc0y3,2.0,6
dqcp1rx0,dqcnc7bc,2.0,6
dqcp1rx0,dqcp1z6r,2.0,6
dqcp1rx0,dqcp1rzr,2.0,6
dqcp1yv9,dqcng06w,2.0,6
dqcp1yv9,dqcnf3uz,2.0,6
dqcp1yv9,dqcnc7bc,2.0,6
dqcp1yv9,dqcp1ys8,2.0,6
dqcp1yv9,dqcp4kgx,1.0,6
dqcp1yv9,dqcncf6c,1.0,6
dqcp1yv9,dqcnfffs,2.0,6
dqcp1yv9,dqcncx6x,1.0,6
dqcnctbb,dqcng06w,2.0,6
dqcnctbb,dqcncdq7,2.0,6
dqcne6ct,dqcne4gy,2.0,6
dqcne6ct,dqcng06w,2.0,6
dqcne6ct,dqcp1rzr,2.0,6
dqcne6ct,dqcnfffs,2.0,6
dqcngjkj,dqcnf6cj,2.0,6
dqcngjkj,dqcnf3uz,1.0,6
dqcngjkj,dqcp4kgx,2.0,6
dqcngjkj,dqcnc78q,2.0,6
dqcngjkj,dqcncf6c,1.0,6
dqcngjkj,dqcng4te,2.0,6
dqcngjkj,dqcnfqc3,2.0,6
dqcner94,dqcnenmf,1.0,6
dqcnf6cj,dqcnf3uz,1.0,6
dqcnf6cj,dqcnfffs,2.0,6
dqcnf6cj,dqcng4te,2.0,6
dqcnf6cj,dqcnc0gn,2.0,6
dqcnf6cj,dqcn9xvx,2.0,6
dqcnf6cj,dqcp1gxv,2.0,6
dqcncfq5,dqcnc6tb,2.0,6
dqcncfq5,dqcp1z6r,2.0,6
dqcne4gy,dqcnc0y3,2.0,6
dqcne4gy,dqcnfffs,1.0,6
dqcng06w,dqcnc6tb,2.0,6
dqcng06w,dqcp4kgx,2.0,6
dqcng06w,dqcnc78q,2.0,6
dqcng06w,dqcnc0y3,2.0,6
dqcng06w,dqcp1rzr,2.0,6
dqcng06w,dqcn9xvx,2.0,6
dqcnf3uz,dqcp1ys8,2.0,6
dqcnf3uz,dqcn9r0y,2.0,6
dqcnc6tb,dqcp1z6r,2.0,6
dqcnc6tb,dqcnc0y3,2.0,6
dqcnc6tb,dqcnfqc3,2.0,6
dqcnc6tb,dqcne1qu,2.0,6
dqcnc6tb,dqcn9xvx,1.0,6
dqcnc6tb,dqcp1gxv,2.0,6
dqcnc6tb,dqcnenmf,1.0,6
dqcnc7bc,dqcnfffs,2.0,6
dqcp1z6r,dqcp1ys8,2.0,6
dqcp1z6r,dqcp4kgx,2.0,6
dqcncdq7,dqcncwc5,2.0,6
dqcncdq7,dqcnenmf,2.0,6
dqcp1ys8,dqcp4kgx,1.0,6
dqcp1ys8,dqcnc78q,2.0,6
dqcp1ys8,dqcnc0y3,2.0,6
dqcp1ys8,dqcnfqc3,2.0,6
dqcp4kgx,dqcn9xvx,2.0,6
dqcp4kgx,dqcp1gxv,2.0,6
dqcnc78q,dqcp1rzr,2.0,6
dqcnc78q,dqcnfqc3,2.0,6
dqcnc78q,dqcp1wg8,2.0,6
dqcnf794,dqcnc0y3,2.0,6
dqcnf794,dqcp1rzr,1.0,6
dqcnf794,dqcnfffs,2.0,6
dqcncwc5,dqcn9r0y,2.0,6
dqcnc0y3,dqcnfffs,2.0,6
dqcnc0y3,dqcnc0gn,2.0,6
dqcnc0y3,dqcnfqc3,2.0,6
dqcnc0y3,dqcncx6x,1.0,6
dqcp1rzr,dqcnc0gn,2.0,6
dqcnfffs,dqcng4te,2.0,6
dqcnfffs,dqcnc0gn,2.0,6
dqcnfffs,dqcn9xvx,2.0,6
dqcnfffs,dqcp1wg8,2.0,6
dqcng4te,dqcn9xvx,2.0,6
dqcng4te,dqcnenmf,1.0,6
dqcnc0gn,dqcnfqc3,2.0,6
dqcnc0gn,dqcn9xvx,1.0,6
dqcn9xvx,dqcn9r0y,2.0,6
dqcp1wg8,dqcp1gxv,2.0,6
dqcp1wg8,dqcn9r0y,2.0,6
dqcp176g,dqcnc7hq,2.0,7
dqcp176g,dqcp1ys8,1.0,7
dqcp176g,dqcnc78q,2.0,7
dqcp176g,dqcn9xvx,2.0,7
dqcnc7hq,dqcngjkj,2.0,7
dqcnc7hq,dqcnf3uz,1.0,7
dqcnc7hq,dqcnc78q,2.0,7
dqcnc7hq,dqcnc0y3,2.0,7
dqcnc7hq,dqcn9xvx,2.0,7
dqcnc29k,dqcnctbb,2.0,7
dqcnc29k,dqcp4kgx,2.0,7
dqcnc29k,dqcnc78q,2.0,7
dqcnc29k,dqcn9r0y,1.0,7
dqcngqhc,dqcne4gy,2.0,7
dqcngqhc,dqcnfqc3,2.0,7
dqcngqhc,dqcne1qu,2.0,7
dqcnbbdq,dqcncvkb,1.0,7
dqcnbbdq,dqcncf4c,1.0,7
dqcncsjm,dqcng43b,2.0,7
dqcncsjm,dqcnfpuz,2.0,7
dqcncsjm,dqcncvkb,2.0,7
dqcncsjm,dqcnfk5z,1.0,7
dqcncsjm,dqcp1rx0,2.0,7
dqcncsjm,dqcp1yv9,2.0,7
dqcncsjm,dqcne4gy,2.0,7
dqcncsjm,dqcng4te,2.0,7
dqcncsjm,dqcne1qu,2.0,7
dqcnbchm,dqcncu6f,1.0,7
dqcnbchm,dqcnfk5z,1.0,7
dqcng43b,dqcp1yv9,2.0,7
dqcng43b,dqcngjkj,2.0,7
dqcng43b,dqcnc78q,2.0,7
dqcng43b,dqcne1qu,2.0,7
dqcng43b,dqcn9xvx,2.0,7
dqcng43b,dqcp1wg8,1.0,7
dqcnfpuz,dqcncu6f,2.0,7
dqcnfpuz,dqcncvkb,1.0,7
dqcnfpuz,dqcngjkj,2.0,7
dqcnfpuz,dqcng06w,2.0,7
dqcnfpuz,dqcnc78q,2.0,7
dqcnfpuz,dqcnc0y3,2.0,7
dqcnfpuz,dqcp1rzr,2.0,7
dqcnfpuz,dqcng4te,2.0,7
dqcnfpuz,dqcnfqc3,2.0,7
dqcp473c,dqcncvkb,1.0,7
dqcp473c,dqcp1rx0,1.0,7
dqcncu6f,dqcnfk5z,2.0,7
dqcncu6f,dqcnf3uz,2.0,7
dqcncvkb,dqcnfk5z,2.0,7
dqcncvkb,dqcp1yv9,1.0,7
dqcncvkb,dqcncfq5,2.0,7
dqcncvkb,dqcne4gy,2.0,7
dqcncvkb,dqcnc6tb,2.0,7
dqcncvkb,dqcnc78q,2.0,7
dqcncvkb,dqcn9xvx,1.0,7
dqcnfk5z,dqcp1yv9,2.0,7
dqcnfk5z,dqcncf4c,1.0,7
dqcnfk5z,dqcnf6cj,2.0,7
dqcnfk5z,dqcne4gy,1.0,7
dqcnfk5z,dqcp1z6r,2.0,7
dqcnfk5z,dqcnc78q,1.0,7
dqcnfk5z,dqcnc0y3,2.0,7
dqcp1rx0,dqcnc7bc,2.0,7
dqcp1rx0,dqcp1z6r,2.0,7
dqcp1rx0,dqcp1rzr,2.0,7
dqcp1yv9,dqcng06w,2.0,7
dqcp1yv9,dqcnf3uz,2.0,7
dqcp1yv9,dqcnc7bc,2.0,7
dqcp1yv9,dqcp1ys8,2.0,7
dqcp1yv9,dqcp4kgx,1.0,7
dqcp1yv9,dqcncf6c,1.0,7
dqcp1yv9,dqcnfffs,2.0,7
dqcp1yv9,dqcncx6x,1.0,7
dqcnctbb,dqcng06w,2.0,7
dqcnctbb,dqcncdq7,2.0,7
dqcne6ct,dqcne4gy,2.0,7
dqcne6ct,dqcng06w,2.0,7
dqcne6ct,dqcp1rzr,2.0,7
dqcne6ct,dqcnfffs,2.0,7
dqcngjkj,dqcnf6cj,2.0,7
dqcngjkj,dqcnf3uz,1.0,7
dqcngjkj,dqcp4kgx,2.0,7
dqcngjkj,dqcnc78q,2.0,7
dqcngjkj,dqcncf6c,1.0,7
dqcngjkj,dqcng4te,2.0,7
dqcngjkj,dqcnfqc3,2.0,7
dqcner94,dqcnenmf,1.0,7
dqcnf6cj,dqcnf3uz,1.0,7
dqcnf6cj,dqcnfffs,2.0,7
dqcnf6cj,dqcng4te,2.0,7
dqcnf6cj,dqcnc0gn,2.0,7
dqcnf6cj,dqcn9xvx,2.0,7
dqcnf6cj,dqcp1gxv,2.0,7
dqcncfq5,dqcnc6tb,2.0,7
dqcncfq5,dqcp1z6r,2.0,7
dqcne4gy,dqcnc0y3,2.0,7
dqcne4gy,dqcnfffs,1.0,7
dqcng06w,dqcnc6tb,2.0,7
dqcng06w,dqcp4kgx,2.0,7
dqcng06w,dqcnc78q,2.0,7
dqcng06w,dqcnc0y3,2.0,7
dqcng06w,dqcp1rzr,2.0,7
dqcng06w,dqcn9xvx,2.0,7
dqcnf3uz,dqcp1ys8,2.0,7
dqcnf3uz,dqcng4te,2.0,7
dqcnf3uz,dqcn9r0y,2.0,7
dqcnc6tb,dqcp1z6r,2.0,7
dqcnc6tb,dqcnc0y3,2.0,7
dqcnc6tb,dqcnfqc3,2.0,7
dqcnc6tb,dqcne1qu,2.0,7
dqcnc6tb,dqcn9xvx,1.0,7
dqcnc6tb,dqcp1gxv,2.0,7
dqcnc6tb,dqcnenmf,1.0,7
dqcnc7bc,dqcnfffs,2.0,7
dqcp1z6r,dqcp1ys8,2.0,7
dqcp1z6r,dqcp4kgx,2.0,7
dqcncdq7,dqcncwc5,2.0,7
dqcncdq7,dqcnenmf,2.0,7
dqcp1ys8,dqcp4kgx,1.0,7
dqcp1ys8,dqcnc78q,2.0,7
dqcp1ys8,dqcnc0y3,2.0,7
dqcp1ys8,dqcnfqc3,2.0,7
dqcp4kgx,dqcn9xvx,2.0,7
dqcp4kgx,dqcp1gxv,2.0,7
dqcnc78q,dqcp1rzr,2.0,7
dqcnc78q,dqcnfqc3,2.0,7
dqcnc78q,dqcp1wg8,2.0,7
dqcnf794,dqcnc0y3,2.0,7
dqcnf794,dqcp1rzr,1.0,7
dqcnf794,dqcnfffs,2.0,7
dqcncwc5,dqcn9r0y,2.0,7
dqcnc0y3,dqcnfffs,2.0,7
dqcnc0y3,dqcnc0gn,2.0,7
dqcnc0y3,dqcnfqc3,2.0,7
dqcnc0y3,dqcncx6x,1.0,7
dqcp1rzr,dqcnc0gn,2.0,7
dqcnfffs,dqcng4te,2.0,7
dqcnfffs,dqcnc0gn,2.0,7
dqcnfffs,dqcn9xvx,2.0,7
dqcnfffs,dqcp1wg8,2.0,7
dqcng4te,dqcn9xvx,2.0,7
dqcng4te,dqcnenmf,1.0,7
dqcnc0gn,dqcnfqc3,2.0,7
dqcnc0gn,dqcn9xvx,1.0,7
dqcn9xvx,dqcn9r0y,2.0,7
dqcp1wg8,dqcp1gxv,2.0,7
dqcp1wg8,dqcn9r0y,2.0,7
dqcp176g,dqcnc7hq,2.0,8
dqcp176g,dqcp1ys8,1.0,8
dqcp176g,dqcnc78q,2.0,8
dqcp176g,dqcn9xvx,2.0,8
dqcnc7hq,dqcngjkj,2.0,8
dqcnc7hq,dqcnf3uz,1.0,8
dqcnc7hq,dqcnc78q,2.0,8
dqcnc7hq,dqcnc0y3,2.0,8
dqcnc7hq,dqcn9xvx,2.0,8
dqcnc29k,dqcnctbb,2.0,8
dqcnc29k,dqcp4kgx,2.0,8
dqcnc29k,dqcnc78q,2.0,8
dqcnc29k,dqcn9r0y,1.0,8
dqcngqhc,dqcne4gy,2.0,8
dqcngqhc,dqcnfqc3,2.0,8
dqcngqhc,dqcne1qu,2.0,8
dqcnbbdq,dqcncvkb,1.0,8
dqcnbbdq,dqcncf4c,1.0,8
dqcncsjm,dqcng43b,2.0,8
dqcncsjm,dqcnfpuz,2.0,8
dqcncsjm,dqcncvkb,2.0,8
dqcncsjm,dqcnfk5z,1.0,8
dqcncsjm,dqcp1rx0,2.0,8
dqcncsjm,dqcp1yv9,2.0,8
dqcncsjm,dqcne4gy,2.0,8
dqcncsjm,dqcng4te,2.0,8
dqcncsjm,dqcne1qu,2.0,8
dqcnbchm,dqcncu6f,1.0,8
dqcnbchm,dqcnfk5z,1.0,8
dqcng43b,dqcp1yv9,2.0,8
dqcng43b,dqcngjkj,2.0,8
dqcng43b,dqcnc78q,2.0,8
dqcng43b,dqcne1qu,2.0,8
dqcng43b,dqcn9xvx,2.0,8
dqcng43b,dqcp1wg8,1.0,8
dqcnfpuz,dqcncu6f,2.0,8
dqcnfpuz,dqcncvkb,1.0,8
dqcnfpuz,dqcngjkj,2.0,8
dqcnfpuz,dqcng06w,2.0,8
dqcnfpuz,dqcnc78q,2.0,8
dqcnfpuz,dqcnc0y3,2.0,8
dqcnfpuz,dqcp1rzr,2.0,8
dqcnfpuz,dqcng4te,2.0,8
dqcnfpuz,dqcnfqc3,2.0,8
dqcp473c,dqcncvkb,1.0,8
dqcp473c,dqcp1rx0,1.0,8
dqcncu6f,dqcnfk5z,2.0,8
dqcncu6f,dqcnf3uz,2.0,8
dqcncvkb,dqcnfk5z,2.0,8
dqcncvkb,dqcp1yv9,1.0,8
dqcncvkb,dqcncfq5,2.0,8
dqcncvkb,dqcne4gy,2.0,8
dqcncvkb,dqcnc6tb,2.0,8
dqcncvkb,dqcnc78q,2.0,8
dqcncvkb,dqcn9xvx,1.0,8
dqcnfk5z,dqcp1yv9,2.0,8
dqcnfk5z,dqcncf4c,1.0,8
dqcnfk5z,dqcnf6cj,2.0,8
dqcnfk5z,dqcne4gy,1.0,8
dqcnfk5z,dqcp1z6r,2.0,8
dqcnfk5z,dqcnc78q,1.0,8
dqcnfk5z,dqcnc0y3,2.0,8
dqcp1rx0,dqcnc7bc,2.0,8
dqcp1rx0,dqcp1z6r,2.0,8
dqcp1rx0,dqcp1rzr,2.0,8
dqcp1yv9,dqcng06w,2.0,8
dqcp1yv9,dqcnf3uz,2.0,8
dqcp1yv9,dqcnc7bc,2.0,8
dqcp1yv9,dqcp1ys8,2.0,8
dqcp1yv9,dqcp4kgx,1.0,8
dqcp1yv9,dqcncf6c,1.0,8
dqcp1yv9,dqcnfffs,2.0,8
dqcp1yv9,dqcncx6x,1.0,8
dqcnctbb,dqcng06w,2.0,8
dqcnctbb,dqcncdq7,2.0,8
dqcne6ct,dqcne4gy,2.0,8
dqcne6ct,dqcng06w,2.0,8
dqcne6ct,dqcp1rzr,2.0,8
dqcne6ct,dqcnfffs,2.0,8
dqcngjkj,dqcnf6cj,2.0,8
dqcngjkj,dqcnf3uz,1.0,8
dqcngjkj,dqcp4kgx,2.0,8
dqcngjkj,dqcnc78q,2.0,8
dqcngjkj,dqcncf6c,1.0,8
dqcngjkj,dqcng4te,2.0,8
dqcngjkj,dqcnfqc3,2.0,8
dqcner94,dqcnenmf,1.0,8
dqcnf6cj,dqcnf3uz,1.0,8
dqcnf6cj,dqcnfffs,2.0,8
dqcnf6cj,dqcng4te,2.0,8
dqcnf6cj,dqcnc0gn,2.0,8
dqcnf6cj,dqcn9xvx,2.0,8
dqcnf6cj,dqcp1gxv,2.0,8
dqcncfq5,dqcnc6tb,2.0,8
dqcncfq5,dqcp1z6r,2.0,8
dqcne4gy,dqcnc0y3,2.0,8
dqcne4gy,dqcnfffs,1.0,8
dqcng06w,dqcnc6tb,2.0,8
dqcng06w,dqcp4kgx,2.0,8
dqcng06w,dqcnc78q,2.0,8
dqcng06w,dqcnc0y3,2.0,8
dqcng06w,dqcp1rzr,2.0,8
dqcng06w,dqcn9xvx,2.0,8
dqcnf3uz,dqcp1ys8,2.0,8
dqcnf3uz,dqcng4te,2.0,8
dqcnf3uz,dqcn9r0y,2.0,8
dqcnc6tb,dqcp1z6r,2.0,8
dqcnc6tb,dqcnc0y3,2.0,8
dqcnc6tb,dqcnfqc3,2.0,8
dqcnc6tb,dqcne1qu,2.0,8
dqcnc6tb,dqcn9xvx,1.0,8
dqcnc6tb,dqcp1gxv,2.0,8
dqcnc6tb,dqcnenmf,1.0,8
dqcnc7bc,dqcnfffs,2.0,8
dqcp1z6r,dqcp1ys8,2.0,8
dqcp1z6r,dqcp4kgx,2.0,8
dqcncdq7,dqcncwc5,2.0,8
dqcncdq7,dqcnenmf,2.0,8
dqcp1ys8,dqcp4kgx,1.0,8
dqcp1ys8,dqcnc78q,2.0,8
dqcp1ys8,dqcnc0y3,2.0,8
dqcp1ys8,dqcnfqc3,2.0,8
dqcp4kgx,dqcn9xvx,2.0,8
dqcp4kgx,dqcp1gxv,2.0,8
dqcnc78q,dqcp1rzr,2.0,8
dqcnc78q,dqcnfqc3,2.0,8
dqcnc78q,dqcp1wg8,2.0,8
dqcnf794,dqcnc0y3,2.0,8
dqcnf794,dqcp1rzr,1.0,8
dqcnf794,dqcnfffs,2.0,8
dqcncwc5,dqcn9r0y,2.0,8
dqcnc0y3,dqcnfffs,2.0,8
dqcnc0y3,dqcnc0gn,2.0,8
dqcnc0y3,dqcnfqc3,2.0,8
dqcnc0y3,dqcncx6x,1.0,8
dqcp1rzr,dqcnc0gn,2.0,8
dqcnfffs,dqcng4te,2.0,8
dqcnfffs,dqcnc0gn,2.0,8
dqcnfffs,dqcn9xvx,2.0,8
dqcnfffs,dqcp1wg8,2.0,8
dqcng4te,dqcn9xvx,2.0,8
dqcng4te,dqcnenmf,1.0,8
dqcnc0gn,dqcnfqc3,2.0,8
dqcnc0gn,dqcn9xvx,1.0,8
dqcn9xvx,dqcn9r0y,2.0,8
dqcp1wg8,dqcp1gxv,2.0,8
dqcp1wg8,dqcn9r0y,2.0,8
dqcp176g,dqcnc7hq,2.0,9
dqcp176g,dqcp1ys8,1.0,9
dqcp176g,dqcnc78q,2.0,9
dqcp176g,dqcn9xvx,2.0,9
dqcnc7hq,dqcngjkj,2.0,9
dqcnc7hq,dqcnf3uz,1.0,9
dqcnc7hq,dqcnc78q,2.0,9
dqcnc7hq,dqcnc0y3,2.0,9
dqcnc7hq,dqcn9xvx,2.0,9
dqcnc29k,dqcnctbb,2.0,9
dqcnc29k,dqcp4kgx,2.0,9
dqcnc29k,dqcnc78q,2.0,9
dqcnc29k,dqcn9r0y,1.0,9
dqcngqhc,dqcne4gy,2.0,9
dqcngqhc,dqcnfqc3,2.0,9
dqcngqhc,dqcne1qu,2.0,9
dqcnbbdq,dqcncvkb,1.0,9
dqcnbbdq,dqcncf4c,1.0,9
dqcncsjm,dqcng43b,2.0,9
dqcncsjm,dqcnfpuz,2.0,9
dqcncsjm,dqcncvkb,2.0,9
dqcncsjm,dqcnfk5z,1.0,9
dqcncsjm,dqcp1rx0,2.0,9
dqcncsjm,dqcp1yv9,2.0,9
dqcncsjm,dqcne4gy,2.0,9
dqcncsjm,dqcng4te,2.0,9
dqcncsjm,dqcne1qu,2.0,9
dqcnbchm,dqcncu6f,1.0,9
dqcnbchm,dqcnfk5z,1.0,9
dqcng43b,dqcp1yv9,2.0,9
dqcng43b,dqcngjkj,2.0,9
dqcng43b,dqcnc78q,2.0,9
dqcng43b,dqcne1qu,2.0,9
dqcng43b,dqcn9xvx,2.0,9
dqcng43b,dqcp1wg8,1.0,9
dqcnfpuz,dqcncu6f,2.0,9
dqcnfpuz,dqcncvkb,1.0,9
dqcnfpuz,dqcngjkj,2.0,9
dqcnfpuz,dqcng06w,2.0,9
dqcnfpuz,dqcnc78q,2.0,9
dqcnfpuz,dqcnc0y3,2.0,9
dqcnfpuz,dqcp1rzr,2.0,9
dqcnfpuz,dqcng4te,2.0,9
dqcnfpuz,dqcnfqc3,2.0,9
dqcp473c,dqcncvkb,1.0,9
dqcp473c,dqcp1rx0,1.0,9
dqcncu6f,dqcnfk5z,2.0,9
dqcncu6f,dqcnf3uz,2.0,9
dqcncvkb,dqcnfk5z,2.0,9
dqcncvkb,dqcp1yv9,1.0,9
dqcncvkb,dqcncfq5,2.0,9
dqcncvkb,dqcne4gy,2.0,9
dqcncvkb,dqcnc6tb,2.0,9
dqcncvkb,dqcnc78q,2.0,9
dqcncvkb,dqcn9xvx,1.0,9
dqcnfk5z,dqcp1yv9,2.0,9
dqcnfk5z,dqcncf4c,1.0,9
dqcnfk5z,dqcnf6cj,2.0,9
dqcnfk5z,dqcne4gy,1.0,9
dqcnfk5z,dqcp1z6r,2.0,9
dqcnfk5z,dqcnc78q,1.0,9
dqcnfk5z,dqcnc0y3,2.0,9
dqcp1rx0,dqcnc7bc,2.0,9
dqcp1rx0,dqcp1z6r,2.0,9
dqcp1rx0,dqcp1rzr,2.0,9
dqcp1yv9,dqcng06w,2.0,9
dqcp1yv9,dqcnf3uz,2.0,9
dqcp1yv9,dqcnc7bc,2.0,9
dqcp1yv9,dqcp1ys8,2.0,9
dqcp1yv9,dqcp4kgx,1.0,9
dqcp1yv9,dqcncf6c,1.0,9
dqcp1yv9,dqcnfffs,2.0,9
dqcp1yv9,dqcncx6x,1.0,9
dqcnctbb,dqcng06w,2.0,9
dqcnctbb,dqcncdq7,2.0,9
dqcne6ct,dqcne4gy,2.0,9
dqcne6ct,dqcng06w,2.0,9
dqcne6ct,dqcp1rzr,2.0,9
dqcne6ct,dqcnfffs,2.0,9
dqcngjkj,dqcnf6cj,2.0,9
dqcngjkj,dqcnf3uz,1.0,9
dqcngjkj,dqcp4kgx,2.0,9
dqcngjkj,dqcnc78q,2.0,9
dqcngjkj,dqcncf6c,1.0,9
dqcngjkj,dqcng4te,2.0,9
dqcngjkj,dqcnfqc3,2.0,9
dqcner94,dqcnenmf,1.0,9
dqcnf6cj,dqcnf3uz,1.0,9
dqcnf6cj,dqcnfffs,2.0,9
dqcnf6cj,dqcng4te,2.0,9
dqcnf6cj,dqcnc0gn,2.0,9
dqcnf6cj,dqcn9xvx,2.0,9
dqcnf6cj,dqcp1gxv,2.0,9
dqcncfq5,dqcnc6tb,2.0,9
dqcncfq5,dqcp1z6r,2.0,9
dqcne4gy,dqcnc0y3,2.0,9
dqcne4gy,dqcnfffs,1.0,9
dqcng06w,dqcnc6tb,2.0,9
dqcng06w,dqcp4kgx,2.0,9
dqcng06w,dqcnc78q,2.0,9
dqcng06w,dqcnc0y3,2.0,9
dqcng06w,dqcp1rzr,2.0,9
dqcng06w,dqcn9xvx,2.0,9
dqcnf3uz,dqcp1ys8,2.0,9
dqcnf3uz,dqcng4te,2.0,9
dqcnf3uz,dqcnfqc3,2.0,9
dqcnf3uz,dqcn9r0y,2.0,9
dqcnc6tb,dqcp1z6r,2.0,9
dqcnc6tb,dqcnc0y3,2.0,9
dqcnc6tb,dqcnfqc3,2.0,9
dqcnc6tb,dqcne1qu,2.0,9
dqcnc6tb,dqcn9xvx,1.0,9
dqcnc6tb,dqcp1gxv,2.0,9
dqcnc6tb,dqcnenmf,1.0,9
dqcnc7bc,dqcnfffs,2.0,9
dqcp1z6r,dqcp1ys8,2.0,9
dqcp1z6r,dqcp4kgx,2.0,9
dqcncdq7,dqcncwc5,2.0,9
dqcncdq7,dqcnenmf,2.0,9
dqcp1ys8,dqcp4kgx,1.0,9
dqcp1ys8,dqcnc78q,2.0,9
dqcp1ys8,dqcnc0y3,2.0,9
dqcp1ys8,dqcnfqc3,2.0,9
dqcp4kgx,dqcn9xvx,2.0,9
dqcp4kgx,dqcp1gxv,2.0,9
dqcnc78q,dqcp1rzr,2.0,9
dqcnc78q,dqcnfqc3,2.0,9
dqcnc78q,dqcp1wg8,2.0,9
dqcnf794,dqcnc0y3,2.0,9
dqcnf794,dqcp1rzr,1.0,9
dqcnf794,dqcnfffs,2.0,9
dqcncwc5,dqcn9r0y,2.0,9
dqcnc0y3,dqcnfffs,2.0,9
dqcnc0y3,dqcnc0gn,2.0,9
dqcnc0y3,dqcnfqc3,2.0,9
dqcnc0y3,dqcncx6x,1.0,9
dqcp1rzr,dqcnc0gn,2.0,9
dqcnfffs,dqcng4te,2.0,9
dqcnfffs,dqcnc0gn,2.0,9
dqcnfffs,dqcn9xvx,2.0,9
dqcnfffs,dqcp1wg8,2.0,9
dqcng4te,dqcn9xvx,2.0,9
dqcng4te,dqcnenmf,1.0,9
dqcnc0gn,dqcnfqc3,2.0,9
dqcnc0gn,dqcn9xvx,1.0,9
dqcn9xvx,dqcn9r0y,2.0,9
dqcp1wg8,dqcp1gxv,2.0,9
dqcp1wg8,dqcn9r0y,2.0,9
dqcp176g,dqcnc7hq,2.0,10
dqcp176g,dqcp1ys8,1.0,10
dqcp176g,dqcnc78q,2.0,10
dqcp176g,dqcn9xvx,2.0,10
dqcnc7hq,dqcngjkj,2.0,10
dqcnc7hq,dqcnf3uz,1.0,10
dqcnc7hq,dqcnc78q,2.0,10
dqcnc7hq,dqcnc0y3,2.0,10
dqcnc7hq,dqcn9xvx,2.0,10
dqcnc29k,dqcnctbb,2.0,10
dqcnc29k,dqcp4kgx,2.0,10
dqcnc29k,dqcnc78q,2.0,10
dqcnc29k,dqcn9r0y,1.0,10
dqcngqhc,dqcne4gy,2.0,10
dqcngqhc,dqcnfqc3,2.0,10
dqcngqhc,dqcne1qu,2.0,10
dqcnbbdq,dqcncvkb,1.0,10
dqcnbbdq,dqcncf4c,1.0,10
dqcncsjm,dqcng43b,2.0,10
dqcncsjm,dqcnfpuz,2.0,10
dqcncsjm,dqcncvkb,2.0,10
dqcncsjm,dqcnfk5z,1.0,10
dqcncsjm,dqcp1rx0,2.0,10
dqcncsjm,dqcp1yv9,2.0,10
dqcncsjm,dqcne4gy,2.0,10
dqcncsjm,dqcng4te,2.0,10
dqcncsjm,dqcne1qu,2.0,10
dqcnbchm,dqcncu6f,1.0,10
dqcnbchm,dqcnfk5z,1.0,10
dqcng43b,dqcp1yv9,2.0,10
dqcng43b,dqcngjkj,2.0,10
dqcng43b,dqcnc78q,2.0,10
dqcng43b,dqcne1qu,2.0,10
dqcng43b,dqcn9xvx,2.0,10
dqcng43b,dqcp1wg8,1.0,10
dqcnfpuz,dqcncu6f,2.0,10
dqcnfpuz,dqcncvkb,1.0,10
dqcnfpuz,dqcngjkj,2.0,10
dqcnfpuz,dqcng06w,2.0,10
dqcnfpuz,dqcnc78q,2.0,10
dqcnfpuz,dqcnc0y3,2.0,10
dqcnfpuz,dqcp1rzr,2.0,10
dqcnfpuz,dqcng4te,2.0,10
dqcnfpuz,dqcnfqc3,2.0,10
dqcp473c,dqcncvkb,1.0,10
dqcp473c,dqcp1rx0,1.0,10
dqcncu6f,dqcnfk5z,2.0,10
dqcncu6f,dqcnf3uz,2.0,10
dqcncvkb,dqcnfk5z,2.0,10
dqcncvkb,dqcp1yv9,1.0,10
dqcncvkb,dqcncfq5,2.0,10
dqcncvkb,dqcne4gy,2.0,10
dqcncvkb,dqcnc6tb,2.0,10
dqcncvkb,dqcnc78q,2.0,10
dqcncvkb,dqcn9xvx,1.0,10
dqcnfk5z,dqcp1yv9,2.0,10
dqcnfk5z,dqcncf4c,1.0,10
dqcnfk5z,dqcnf6cj,2.0,10
dqcnfk5z,dqcne4gy,1.0,10
dqcnfk5z,dqcp1z6r,2.0,10
dqcnfk5z,dqcnc78q,1.0,10
dqcnfk5z,dqcnc0y3,2.0,10
dqcp1rx0,dqcnc7bc,2.0,10
dqcp1rx0,dqcp1z6r,2.0,10
dqcp1rx0,dqcp1rzr,2.0,10
dqcp1yv9,dqcng06w,2.0,10
dqcp1yv9,dqcnf3uz,2.0,10
dqcp1yv9,dqcnc7bc,2.0,10
dqcp1yv9,dqcp1ys8,2.0,10
dqcp1yv9,dqcp4kgx,1.0,10
dqcp1yv9,dqcncf6c,1.0,10
dqcp1yv9,dqcnfffs,2.0,10
dqcp1yv9,dqcncx6x,1.0,10
dqcnctbb,dqcng06w,2.0,10
dqcnctbb,dqcncdq7,2.0,10
dqcne6ct,dqcne4gy,2.0,10
dqcne6ct,dqcng06w,2.0,10
dqcne6ct,dqcp1rzr,2.0,10
dqcne6ct,dqcnfffs,2.0,10
dqcngjkj,dqcnf6cj,2.0,10
dqcngjkj,dqcnf3uz,1.0,10
dqcngjkj,dqcp4kgx,2.0,10
dqcngjkj,dqcnc78q,2.0,10
dqcngjkj,dqcncf6c,1.0,10
dqcngjkj,dqcng4te,2.0,10
dqcngjkj,dqcnfqc3,2.0,10
dqcner94,dqcnenmf,1.0,10
dqcnf6cj,dqcnf3uz,1.0,10
dqcnf6cj,dqcnfffs,2.0,10
dqcnf6cj,dqcng4te,2.0,10
dqcnf6cj,dqcnc0gn,2.0,10
dqcnf6cj,dqcn9xvx,2.0,10
dqcnf6cj,dqcp1gxv,2.0,10
dqcncfq5,dqcnc6tb,2.0,10
dqcncfq5,dqcp1z6r,2.0,10
dqcne4gy,dqcnc0y3,2.0,10
dqcne4gy,dqcnfffs,1.0,10
dqcng06w,dqcnc6tb,2.0,10
dqcng06w,dqcp4kgx,2.0,10
dqcng06w,dqcnc78q,2.0,10
dqcng06w,dqcnc0y3,2.0,10
dqcng06w,dqcp1rzr,2.0,10
dqcng06w,dqcn9xvx,2.0,10
dqcnf3uz,dqcp1ys8,2.0,10
dqcnf3uz,dqcng4te,2.0,10
dqcnf3uz,dqcnfqc3,2.0,10
dqcnf3uz,dqcn9r0y,2.0,10
dqcnc6tb,dqcp1z6r,2.0,10
dqcnc6tb,dqcnc0y3,2.0,10
dqcnc6tb,dqcnfqc3,2.0,10
dqcnc6tb,dqcne1qu,2.0,10
dqcnc6tb,dqcn9xvx,1.0,10
dqcnc6tb,dqcp1gxv,2.0,10
dqcnc6tb,dqcnenmf,1.0,10
dqcnc7bc,dqcnfffs,2.0,10
dqcp1z6r,dqcp1ys8,2.0,10
dqcp1z6r,dqcp4kgx,2.0,10
dqcncdq7,dqcncwc5,2.0,10
dqcncdq7,dqcnenmf,2.0,10
dqcp1ys8,dqcp4kgx,1.0,10
dqcp1ys8,dqcnc78q,2.0,10
dqcp1ys8,dqcnc0y3,2.0,10
dqcp1ys8,dqcnfqc3,2.0,10
dqcp4kgx,dqcn9xvx,2.0,10
dqcp4kgx,dqcp1gxv,2.0,10
dqcnc78q,dqcp1rzr,2.0,10
dqcnc78q,dqcnfqc3,2.0,10
dqcnc78q,dqcp1wg8,2.0,10
dqcnf794,dqcnc0y3,2.0,10
dqcnf794,dqcp1rzr,1.0,10
dqcnf794,dqcnfffs,2.0,10
dqcncwc5,dqcn9r0y,2.0,10
dqcnc0y3,dqcnfffs,2.0,10
dqcnc0y3,dqcnc0gn,2.0,10
dqcnc0y3,dqcnfqc3,2.0,10
dqcnc0y3,dqcncx6x,1.0,10
dqcp1rzr,dqcnc0gn,2.0,10
dqcnfffs,dqcng4te,2.0,10
dqcnfffs,dqcnc0gn,2.0,10
dqcnfffs,dqcn9xvx,2.0,10
dqcnfffs,dqcp1wg8,2.0,10
dqcng4te,dqcn9xvx,2.0,10
dqcng4te,dqcnenmf,1.0,10
dqcnc0gn,dqcnfqc3,2.0,10
dqcnc0gn,dqcn9xvx,1.0,10
dqcn9xvx,dqcn9r0y,2.0,10
dqcp1wg8,dqcp1gxv,2.0,10
dqcp1wg8,dqcn9r0y,2.0,10
dqcp176g,dqcnc7hq,2.0,11
dqcp176g,dqcp1ys8,1.0,11
dqcp176g,dqcnc78q,2.0,11
dqcp176g,dqcn9xvx,2.0,11
dqcnc7hq,dqcngjkj,2.0,11
dqcnc7hq,dqcnf3uz,1.0,11
dqcnc7hq,dqcnc78q,2.0,11
dqcnc7hq,dqcnc0y3,2.0,11
dqcnc7hq,dqcn9xvx,2.0,11
dqcnc29k,dqcnctbb,2.0,11
dqcnc29k,dqcp4kgx,2.0,11
dqcnc29k,dqcnc78q,2.0,11
dqcnc29k,dqcn9r0y,1.0,11
dqcngqhc,dqcne4gy,2.0,11
dqcngqhc,dqcnfqc3,2.0,11
dqcngqhc,dqcne1qu,2.0,11
dqcnbbdq,dqcncvkb,1.0,11
dqcnbbdq,dqcncf4c,1.0,11
dqcncsjm,dqcng43b,2.0,11
dqcncsjm,dqcnfpuz,2.0,11
dqcncsjm,dqcncvkb,2.0,11
dqcncsjm,dqcnfk5z,1.0,11
dqcncsjm,dqcp1rx0,2.0,11
dqcncsjm,dqcp1yv9,2.0,11
dqcncsjm,dqcne4gy,2.0,11
dqcncsjm,dqcng4te,2.0,11
dqcncsjm,dqcne1qu,2.0,11
dqcnbchm,dqcncu6f,1.0,11
dqcnbchm,dqcnfk5z,1.0,11
dqcng43b,dqcp1yv9,2.0,11
dqcng43b,dqcngjkj,2.0,11
dqcng43b,dqcnc78q,2.0,11
dqcng43b,dqcng4te,2.0,11
dqcng43b,dqcne1qu,2.0,11
dqcng43b,dqcn9xvx,2.0,11
dqcng43b,dqcp1wg8,1.0,11
dqcnfpuz,dqcncu6f,2.0,11
dqcnfpuz,dqcncvkb,1.0,11
dqcnfpuz,dqcngjkj,2.0,11
dqcnfpuz,dqcng06w,2.0,11
dqcnfpuz,dqcnc78q,2.0,11
dqcnfpuz,dqcnc0y3,2.0,11
dqcnfpuz,dqcp1rzr,2.0,11
dqcnfpuz,dqcng4te,2.0,11
dqcnfpuz,dqcnfqc3,2.0,11
dqcp473c,dqcncvkb,1.0,11
dqcp473c,dqcp1rx0,1.0,11
dqcncu6f,dqcnfk5z,2.0,11
dqcncu6f,dqcnf3uz,2.0,11
dqcncvkb,dqcnfk5z,2.0,11
dqcncvkb,dqcp1yv9,1.0,11
dqcncvkb,dqcncfq5,2.0,11
dqcncvkb,dqcne4gy,2.0,11
dqcncvkb,dqcnc6tb,2.0,11
dqcncvkb,dqcnc78q,2.0,11
dqcncvkb,dqcn9xvx,1.0,11
dqcnfk5z,dqcp1yv9,2.0,11
dqcnfk5z,dqcncf4c,1.0,11
dqcnfk5z,dqcnf6cj,2.0,11
dqcnfk5z,dqcne4gy,1.0,11
dqcnfk5z,dqcp1z6r,2.0,11
dqcnfk5z,dqcnc78q,1.0,11
dqcnfk5z,dqcnc0y3,2.0,11
dqcp1rx0,dqcnc7bc,2.0,11
dqcp1rx0,dqcp1z6r,2.0,11
dqcp1rx0,dqcp1rzr,2.0,11
dqcp1yv9,dqcng06w,2.0,11
dqcp1yv9,dqcnf3uz,2.0,11
dqcp1yv9,dqcnc7bc,2.0,11
dqcp1yv9,dqcp1ys8,2.0,11
dqcp1yv9,dqcp4kgx,1.0,11
dqcp1yv9,dqcncf6c,1.0,11
dqcp1yv9,dqcnfffs,2.0,11
dqcp1yv9,dqcncx6x,1.0,11
dqcnctbb,dqcng06w,2.0,11
dqcnctbb,dqcncdq7,2.0,11
dqcne6ct,dqcne4gy,2.0,11
dqcne6ct,dqcng06w,2.0,11
dqcne6ct,dqcp1rzr,2.0,11
dqcne6ct,dqcnfffs,2.0,11
dqcngjkj,dqcnf6cj,2.0,11
dqcngjkj,dqcnf3uz,1.0,11
dqcngjkj,dqcp4kgx,2.0,11
dqcngjkj,dqcnc78q,2.0,11
dqcngjkj,dqcncf6c,1.0,11
dqcngjkj,dqcng4te,2.0,11
dqcngjkj,dqcnfqc3,2.0,11
dqcner94,dqcnenmf,1.0,11
dqcnf6cj,dqcnf3uz,1.0,11
dqcnf6cj,dqcnfffs,2.0,11
dqcnf6cj,dqcng4te,2.0,11
dqcnf6cj,dqcnc0gn,2.0,11
dqcnf6cj,dqcn9xvx,2.0,11
dqcnf6cj,dqcp1gxv,2.0,11
dqcncfq5,dqcnc6tb,2.0,11
dqcncfq5,dqcp1z6r,2.0,11
dqcne4gy,dqcnc0y3,2.0,11
dqcne4gy,dqcnfffs,1.0,11
dqcng06w,dqcnc6tb,2.0,11
dqcng06w,dqcp4kgx,2.0,11
dqcng06w,dqcnc78q,2.0,11
dqcng06w,dqcnc0y3,2.0,11
dqcng06w,dqcp1rzr,2.0,11
dqcng06w,dqcn9xvx,2.0,11
dqcnf3uz,dqcp1ys8,2.0,11
dqcnf3uz,dqcng4te,2.0,11
dqcnf3uz,dqcnfqc3,2.0,11
dqcnf3uz,dqcn9r0y,2.0,11
dqcnc6tb,dqcp1z6r,2.0,11
dqcnc6tb,dqcnc0y3,2.0,11
dqcnc6tb,dqcnfqc3,2.0,11
dqcnc6tb,dqcne1qu,2.0,11
dqcnc6tb,dqcn9xvx,1.0,11
dqcnc6tb,dqcp1gxv,2.0,11
dqcnc6tb,dqcnenmf,1.0,11
dqcnc7bc,dqcnfffs,2.0,11
dqcp1z6r,dqcp1ys8,2.0,11
dqcp1z6r,dqcp4kgx,2.0,11
dqcncdq7,dqcncwc5,2.0,11
dqcncdq7,dqcnenmf,2.0,11
dqcp1ys8,dqcp4kgx,1.0,11
dqcp1ys8,dqcnc78q,2.0,11
dqcp1ys8,dqcnc0y3,2.0,11
dqcp1ys8,dqcnfqc3,2.0,11
dqcp4kgx,dqcn9xvx,2.0,11
dqcp4kgx,dqcp1gxv,2.0,11
dqcnc78q,dqcp1rzr,2.0,11
dqcnc78q,dqcnfqc3,2.0,11
dqcnc78q,dqcp1wg8,2.0,11
dqcnf794,dqcnc0y3,2.0,11
dqcnf794,dqcp1rzr,1.0,11
dqcnf794,dqcnfffs,2.0,11
dqcncwc5,dqcn9r0y,2.0,11
dqcnc0y3,dqcnfffs,2.0,11
dqcnc0y3,dqcnc0gn,2.0,11
dqcnc0y3,dqcnfqc3,2.0,11
dqcnc0y3,dqcncx6x,1.0,11
dqcp1rzr,dqcnc0gn,2.0,11
dqcnfffs,dqcng4te,2.0,11
dqcnfffs,dqcnc0gn,2.0,11
dqcnfffs,dqcn9xvx,2.0,11
dqcnfffs,dqcp1wg8,2.0,11
dqcng4te,dqcn9xvx,2.0,11
dqcng4te,dqcnenmf,1.0,11
dqcnc0gn,dqcnfqc3,2.0,11
dqcnc0gn,dqcn9xvx,1.0,11
dqcn9xvx,dqcn9r0y,2.0,11
dqcp1wg8,dqcp1gxv,2.0,11
dqcp1wg8,dqcn9r0y,2.0,11
dqcp176g,dqcnc7hq,2.0,12
dqcp176g,dqcp1ys8,1.0,12
dqcp176g,dqcnc78q,2.0,12
dqcp176g,dqcn9xvx,2.0,12
dqcnc7hq,dqcngjkj,2.0,12
dqcnc7hq,dqcnf3uz,1.0,12
dqcnc7hq,dqcnc78q,2.0,12
dqcnc7hq,dqcnc0y3,2.0,12
dqcnc7hq,dqcn9xvx,2.0,12
dqcnc29k,dqcnctbb,2.0,12
dqcnc29k,dqcp4kgx,2.0,12
dqcnc29k,dqcnc78q,2.0,12
dqcnc29k,dqcn9r0y,1.0,12
dqcngqhc,dqcne4gy,2.0,12
dqcngqhc,dqcnfqc3,2.0,12
dqcngqhc,dqcne1qu,2.0,12
dqcnbbdq,dqcncvkb,1.0,12
dqcnbbdq,dqcncf4c,1.0,12
dqcncsjm,dqcng43b,2.0,12
dqcncsjm,dqcnfpuz,2.0,12
dqcncsjm,dqcncvkb,2.0,12
dqcncsjm,dqcnfk5z,1.0,12
dqcncsjm,dqcp1rx0,2.0,12
dqcncsjm,dqcp1yv9,2.0,12
dqcncsjm,dqcne4gy,2.0,12
dqcncsjm,dqcng4te,2.0,12
dqcncsjm,dqcne1qu,2.0,12
dqcnbchm,dqcncu6f,1.0,12
dqcnbchm,dqcnfk5z,1.0,12
dqcng43b,dqcp1yv9,2.0,12
dqcng43b,dqcngjkj,2.0,12
dqcng43b,dqcnc78q,2.0,12
dqcng43b,dqcng4te,2.0,12
dqcng43b,dqcne1qu,2.0,12
dqcng43b,dqcn9xvx,2.0,12
dqcng43b,dqcp1wg8,1.0,12
dqcnfpuz,dqcncu6f,2.0,12
dqcnfpuz,dqcncvkb,1.0,12
dqcnfpuz,dqcngjkj,2.0,12
dqcnfpuz,dqcng06w,2.0,12
dqcnfpuz,dqcnc78q,2.0,12
dqcnfpuz,dqcnc0y3,2.0,12
dqcnfpuz,dqcp1rzr,2.0,12
dqcnfpuz,dqcng4te,2.0,12
dqcnfpuz,dqcnfqc3,2.0,12
dqcp473c,dqcncvkb,1.0,12
dqcp473c,dqcp1rx0,1.0,12
dqcncu6f,dqcnfk5z,2.0,12
dqcncu6f,dqcnf3uz,2.0,12
dqcncvkb,dqcnfk5z,2.0,12
dqcncvkb,dqcp1yv9,1.0,12
dqcncvkb,dqcncfq5,2.0,12
dqcncvkb,dqcne4gy,2.0,12
dqcncvkb,dqcnc6tb,2.0,12
dqcncvkb,dqcnc78q,2.0,12
dqcncvkb,dqcn9xvx,1.0,12
dqcnfk5z,dqcp1yv9,2.0,12
dqcnfk5z,dqcncf4c,1.0,12
dqcnfk5z,dqcnf6cj,2.0,12
dqcnfk5z,dqcne4gy,1.0,12
dqcnfk5z,dqcp1z6r,2.0,12
dqcnfk5z,dqcnc78q,1.0,12
dqcnfk5z,dqcnc0y3,2.0,12
dqcp1rx0,dqcnc7bc,2.0,12
dqcp1rx0,dqcp1z6r,2.0,12
dqcp1rx0,dqcp1rzr,2.0,12
dqcp1yv9,dqcng06w,2.0,12
dqcp1yv9,dqcnf3uz,2.0,12
dqcp1yv9,dqcnc7bc,2.0,12
dqcp1yv9,dqcp1ys8,2.0,12
dqcp1yv9,dqcp4kgx,1.0,12
dqcp1yv9,dqcncf6c,1.0,12
dqcp1yv9,dqcnfffs,2.0,12
dqcp1yv9,dqcncx6x,1.0,12
dqcnctbb,dqcng06w,2.0,12
dqcnctbb,dqcncdq7,2.0,12
dqcne6ct,dqcne4gy,2.0,12
dqcne6ct,dqcng06w,2.0,12
dqcne6ct,dqcp1rzr,2.0,12
dqcne6ct,dqcnfffs,2.0,12
dqcngjkj,dqcnf6cj,2.0,12
dqcngjkj,dqcnf3uz,1.0,12
dqcngjkj,dqcp4kgx,2.0,12
dqcngjkj,dqcnc78q,2.0,12
dqcngjkj,dqcncf6c,1.0,12
dqcngjkj,dqcng4te,2.0,12
dqcngjkj,dqcnfqc3,2.0,12
dqcner94,dqcnenmf,1.0,12
dqcnf6cj,dqcnf3uz,1.0,12
dqcnf6cj,dqcnfffs,2.0,12
dqcnf6cj,dqcng4te,2.0,12
dqcnf6cj,dqcnc0gn,2.0,12
dqcnf6cj,dqcn9xvx,2.0,12
dqcnf6cj,dqcp1gxv,2.0,12
dqcncfq5,dqcnc6tb,2.0,12
dqcncfq5,dqcp1z6r,2.0,12
dqcne4gy,dqcnc0y3,2.0,12
dqcne4gy,dqcnfffs,1.0,12
dqcng06w,dqcnc6tb,2.0,12
dqcng06w,dqcp4kgx,2.0,12
dqcng06w,dqcnc78q,2.0,12
dqcng06w,dqcnc0y3,2.0,12
dqcng06w,dqcp1rzr,2.0,12
dqcng06w,dqcn9xvx,2.0,12
dqcnf3uz,dqcp1ys8,2.0,12
dqcnf3uz,dqcng4te,2.0,12
dqcnf3uz,dqcnfqc3,2.0,12
dqcnf3uz,dqcn9r0y,2.0,12
dqcnc6tb,dqcp1z6r,2.0,12
dqcnc6tb,dqcnc0y3,2.0,12
dqcnc6tb,dqcnfqc3,2.0,12
dqcnc6tb,dqcne1qu,2.0,12
dqcnc6tb,dqcn9xvx,1.0,12
dqcnc6tb,dqcp1gxv,2.0,12
dqcnc6tb,dqcnenmf,1.0,12
dqcnc7bc,dqcnfffs,2.0,12
dqcp1z6r,dqcp1ys8,2.0,12
dqcp1z6r,dqcp4kgx,2.0,12
dqcncdq7,dqcncwc5,2.0,12
dqcncdq7,dqcnenmf,2.0,12
dqcp1ys8,dqcp4kgx,1.0,12
dqcp1ys8,dqcnc78q,2.0,12
dqcp1ys8,dqcnc0y3,2.0,12
dqcp1ys8,dqcnfqc3,2.0,12
dqcp4kgx,dqcn9xvx,2.0,12
dqcp4kgx,dqcp1gxv,2.0,12
dqcnc78q,dqcp1rzr,2.0,12
dqcnc78q,dqcnfqc3,2.0,12
dqcnc78q,dqcp1wg8,2.0,12
dqcnf794,dqcnc0y3,2.0,12
dqcnf794,dqcp1rzr,1.0,12
dqcnf794,dqcnfffs,2.0,12
dqcncwc5,dqcn9r0y,2.0,12
dqcnc0y3,dqcnfffs,2.0,12
dqcnc0y3,dqcnc0gn,2.0,12
dqcnc0y3,dqcnfqc3,2.0,12
dqcnc0y3,dqcncx6x,1.0,12
dqcp1rzr,dqcnc0gn,2.0,12
dqcnfffs,dqcng4te,2.0,12
dqcnfffs,dqcnc0gn,2.0,12
dqcnfffs,dqcn9xvx,2.0,12
dqcnfffs,dqcp1wg8,2.0,12
dqcng4te,dqcn9xvx,2.0,12
dqcng4te,dqcnenmf,1.0,12
dqcnc0gn,dqcnfqc3,2.0,12
dqcnc0gn,dqcn9xvx,1.0,12
dqcn9xvx,dqcn9r0y,2.0,12
dqcp1wg8,dqcp1gxv,2.0,12
dqcp1wg8,dqcn9r0y,2.0,12
dqcp176g,dqcnc7hq,2.0,13
dqcp176g,dqcp1ys8,1.0,13
dqcp176g,dqcnc78q,2.0,13
dqcp176g,dqcn9xvx,2.0,13
dqcnc7hq,dqcngjkj,2.0,13
dqcnc7hq,dqcnf3uz,1.0,13
dqcnc7hq,dqcnc78q,2.0,13
dqcnc7hq,dqcnc0y3,2.0,13
dqcnc7hq,dqcn9xvx,2.0,13
dqcnc29k,dqcnctbb,2.0,13
dqcnc29k,dqcp4kgx,2.0,13
dqcnc29k,dqcnc78q,2.0,13
dqcnc29k,dqcn9r0y,1.0,13
dqcngqhc,dqcne4gy,2.0,13
dqcngqhc,dqcnfqc3,2.0,13
dqcngqhc,dqcne1qu,2.0,13
dqcnbbdq,dqcncvkb,1.0,13
dqcnbbdq,dqcncf4c,1.0,13
dqcncsjm,dqcng43b,2.0,13
dqcncsjm,dqcnfpuz,2.0,13
dqcncsjm,dqcncvkb,2.0,13
dqcncsjm,dqcnfk5z,1.0,13
dqcncsjm,dqcp1rx0,2.0,13
dqcncsjm,dqcp1yv9,2.0,13
dqcncsjm,dqcne4gy,2.0,13
dqcncsjm,dqcng4te,2.0,13
dqcncsjm,dqcne1qu,2.0,13
dqcnbchm,dqcncu6f,1.0,13
dqcnbchm,dqcnfk5z,1.0,13
dqcng43b,dqcp1yv9,2.0,13
dqcng43b,dqcngjkj,2.0,13
dqcng43b,dqcnc78q,2.0,13
dqcng43b,dqcng4te,2.0,13
dqcng43b,dqcne1qu,2.0,13
dqcng43b,dqcn9xvx,2.0,13
dqcng43b,dqcp1wg8,1.0,13
dqcnfpuz,dqcncu6f,2.0,13
dqcnfpuz,dqcncvkb,1.0,13
dqcnfpuz,dqcngjkj,2.0,13
dqcnfpuz,dqcng06w,2.0,13
dqcnfpuz,dqcnc78q,2.0,13
dqcnfpuz,dqcnc0y3,2.0,13
dqcnfpuz,dqcp1rzr,2.0,13
dqcnfpuz,dqcng4te,2.0,13
dqcnfpuz,dqcnfqc3,2.0,13
dqcp473c,dqcncvkb,1.0,13
dqcp473c,dqcp1rx0,1.0,13
dqcncu6f,dqcnfk5z,2.0,13
dqcncu6f,dqcnf3uz,2.0,13
dqcncvkb,dqcnfk5z,2.0,13
dqcncvkb,dqcp1yv9,1.0,13
dqcncvkb,dqcncfq5,2.0,13
dqcncvkb,dqcne4gy,2.0,13
dqcncvkb,dqcnc6tb,2.0,13
dqcncvkb,dqcnc78q,2.0,13
dqcncvkb,dqcn9xvx,1.0,13
dqcnfk5z,dqcp1yv9,2.0,13
dqcnfk5z,dqcncf4c,1.0,13
dqcnfk5z,dqcnf6cj,2.0,13
dqcnfk5z,dqcne4gy,1.0,13
dqcnfk5z,dqcp1z6r,2.0,13
dqcnfk5z,dqcnc78q,1.0,13
dqcnfk5z,dqcnc0y3,2.0,13
dqcp1rx0,dqcnc7bc,2.0,13
dqcp1rx0,dqcp1z6r,2.0,13
dqcp1rx0,dqcp1rzr,2.0,13
dqcp1yv9,dqcng06w,2.0,13
dqcp1yv9,dqcnf3uz,2.0,13
dqcp1yv9,dqcnc7bc,2.0,13
dqcp1yv9,dqcp1ys8,2.0,13
dqcp1yv9,dqcp4kgx,1.0,13
dqcp1yv9,dqcncf6c,1.0,13
dqcp1yv9,dqcnfffs,2.0,13
dqcp1yv9,dqcncx6x,1.0,13
dqcnctbb,dqcng06w,2.0,13
dqcnctbb,dqcncdq7,2.0,13
dqcne6ct,dqcne4gy,2.0,13
dqcne6ct,dqcng06w,2.0,13
dqcne6ct,dqcp1rzr,2.0,13
dqcne6ct,dqcnfffs,2.0,13
dqcngjkj,dqcnf6cj,2.0,13
dqcngjkj,dqcnf3uz,1.0,13
dqcngjkj,dqcp4kgx,2.0,13
dqcngjkj,dqcnc78q,2.0,13
dqcngjkj,dqcncf6c,1.0,13
dqcngjkj,dqcng4te,2.0,13
dqcngjkj,dqcnfqc3,2.0,13
dqcner94,dqcnenmf,1.0,13
dqcnf6cj,dqcnf3uz,1.0,13
dqcnf6cj,dqcnfffs,2.0,13
dqcnf6cj,dqcng4te,2.0,13
dqcnf6cj,dqcnc0gn,2.0,13
dqcnf6cj,dqcn9xvx,2.0,13
dqcnf6cj,dqcp1gxv,2.0,13
dqcncfq5,dqcnc6tb,2.0,13
dqcncfq5,dqcp1z6r,2.0,13
dqcne4gy,dqcnc0y3,2.0,13
dqcne4gy,dqcnfffs,1.0,13
dqcng06w,dqcnc6tb,2.0,13
dqcng06w,dqcp4kgx,2.0,13
dqcng06w,dqcnc78q,2.0,13
dqcng06w,dqcnc0y3,2.0,13
dqcng06w,dqcp1rzr,2.0,13
dqcng06w,dqcn9xvx,2.0,13
dqcnf3uz,dqcp1ys8,2.0,13
dqcnf3uz,dqcng4te,2.0,13
dqcnf3uz,dqcnfqc3,2.0,13
dqcnf3uz,dqcn9r0y,2.0,13
dqcnc6tb,dqcp1z6r,2.0,13
dqcnc6tb,dqcnc0y3,2.0,13
dqcnc6tb,dqcnfqc3,2.0,13
dqcnc6tb,dqcne1qu,2.0,13
dqcnc6tb,dqcn9xvx,1.0,13
dqcnc6tb,dqcp1gxv,2.0,13
dqcnc6tb,dqcnenmf,1.0,13
dqcnc7bc,dqcnfffs,2.0,13
dqcp1z6r,dqcp1ys8,2.0,13
dqcp1z6r,dqcp4kgx,2.0,13
dqcncdq7,dqcncwc5,2.0,13
dqcncdq7,dqcnenmf,2.0,13
dqcp1ys8,dqcp4kgx,1.0,13
dqcp1ys8,dqcnc78q,2.0,13
dqcp1ys8,dqcnc0y3,2.0,13
dqcp1ys8,dqcnfqc3,2.0,13
dqcp4kgx,dqcn9xvx,2.0,13
dqcp4kgx,dqcp1gxv,2.0,13
dqcnc78q,dqcp1rzr,2.0,13
dqcnc78q,dqcnfqc3,2.0,13
dqcnc78q,dqcp1wg8,2.0,13
dqcnf794,dqcnc0y3,2.0,13
dqcnf794,dqcp1rzr,1.0,13
dqcnf794,dqcnfffs,2.0,13
dqcncwc5,dqcn9r0y,2.0,13
dqcnc0y3,dqcnfffs,2.0,13
dqcnc0y3,dqcnc0gn,2.0,13
dqcnc0y3,dqcnfqc3,2.0,13
dqcnc0y3,dqcncx6x,1.0,13
dqcp1rzr,dqcnc0gn,2.0,13
dqcnfffs,dqcng4te,2.0,13
dqcnfffs,dqcnc0gn,2.0,13
dqcnfffs,dqcn9xvx,2.0,13
dqcnfffs,dqcp1wg8,2.0,13
dqcng4te,dqcn9xvx,2.0,13
dqcng4te,dqcnenmf,1.0,13
dqcnc0gn,dqcnfqc3,2.0,13
dqcnc0gn,dqcn9xvx,1.0,13
dqcn9xvx,dqcn9r0y,2.0,13
dqcp1wg8,dqcp1gxv,2.0,13
dqcp1wg8,dqcn9r0y,2.0,13
dqcp176g,dqcnc7hq,2.0,14
dqcp176g,dqcp1ys8,1.0,14
dqcp176g,dqcnc78q,2.0,14
dqcp176g,dqcn9xvx,2.0,14
dqcnc7hq,dqcngjkj,2.0,14
dqcnc7hq,dqcnf3uz,1.0,14
dqcnc7hq,dqcnc78q,2.0,14
dqcnc7hq,dqcnc0y3,2.0,14
dqcnc7hq,dqcn9xvx,2.0,14
dqcnc29k,dqcnctbb,2.0,14
dqcnc29k,dqcp4kgx,2.0,14
dqcnc29k,dqcnc78q,2.0,14
dqcnc29k,dqcn9r0y,1.0,14
dqcngqhc,dqcne4gy,2.0,14
dqcngqhc,dqcnfqc3,2.0,14
dqcngqhc,dqcne1qu,2.0,14
dqcnbbdq,dqcncvkb,1.0,14
dqcnbbdq,dqcncf4c,1.0,14
dqcncsjm,dqcng43b,2.0,14
dqcncsjm,dqcnfpuz,2.0,14
dqcncsjm,dqcncvkb,2.0,14
dqcncsjm,dqcnfk5z,1.0,14
dqcncsjm,dqcp1rx0,2.0,14
dqcncsjm,dqcp1yv9,2.0,14
dqcncsjm,dqcne4gy,2.0,14
dqcncsjm,dqcng4te,2.0,14
dqcncsjm,dqcne1qu,2.0,14
dqcnbchm,dqcncu6f,1.0,14
dqcnbchm,dqcnfk5z,1.0,14
dqcng43b,dqcp1yv9,2.0,14
dqcng43b,dqcngjkj,2.0,14
dqcng43b,dqcnc78q,2.0,14
dqcng43b,dqcng4te,2.0,14
dqcng43b,dqcne1qu,2.0,14
dqcng43b,dqcn9xvx,2.0,14
dqcng43b,dqcp1wg8,1.0,14
dqcnfpuz,dqcncu6f,2.0,14
dqcnfpuz,dqcncvkb,1.0,14
dqcnfpuz,dqcngjkj,2.0,14
dqcnfpuz,dqcng06w,2.0,14
dqcnfpuz,dqcnc78q,2.0,14
dqcnfpuz,dqcnc0y3,2.0,14
dqcnfpuz,dqcp1rzr,2.0,14
dqcnfpuz,dqcng4te,2.0,14
dqcnfpuz,dqcnfqc3,2.0,14
dqcp473c,dqcncvkb,1.0,14
dqcp473c,dqcp1rx0,1.0,14
dqcncu6f,dqcnfk5z,2.0,14
dqcncu6f,dqcnf3uz,2.0,14
dqcncvkb,dqcnfk5z,2.0,14
dqcncvkb,dqcp1yv9,1.0,14
dqcncvkb,dqcncfq5,2.0,14
dqcncvkb,dqcne4gy,2.0,14
dqcncvkb,dqcnc6tb,2.0,14
dqcncvkb,dqcnc78q,2.0,14
dqcncvkb,dqcn9xvx,1.0,14
dqcnfk5z,dqcp1yv9,2.0,14
dqcnfk5z,dqcncf4c,1.0,14
dqcnfk5z,dqcnf6cj,2.0,14
dqcnfk5z,dqcne4gy,1.0,14
dqcnfk5z,dqcp1z6r,2.0,14
dqcnfk5z,dqcnc78q,1.0,14
dqcnfk5z,dqcnc0y3,2.0,14
dqcp1rx0,dqcnc7bc,2.0,14
dqcp1rx0,dqcp1z6r,2.0,14
dqcp1rx0,dqcp1rzr,2.0,14
dqcp1yv9,dqcng06w,2.0,14
dqcp1yv9,dqcnf3uz,2.0,14
dqcp1yv9,dqcnc7bc,2.0,14
dqcp1yv9,dqcp1ys8,2.0,14
dqcp1yv9,dqcp4kgx,1.0,14
dqcp1yv9,dqcncf6c,1.0,14
dqcp1yv9,dqcnfffs,2.0,14
dqcp1yv9,dqcncx6x,1.0,14
dqcnctbb,dqcng06w,2.0,14
dqcnctbb,dqcncdq7,2.0,14
dqcne6ct,dqcne4gy,2.0,14
dqcne6ct,dqcng06w,2.0,14
dqcne6ct,dqcp1rzr,2.0,14
dqcne6ct,dqcnfffs,2.0,14
dqcngjkj,dqcnf6cj,2.0,14
dqcngjkj,dqcnf3uz,1.0,14
dqcngjkj,dqcp4kgx,2.0,14
dqcngjkj,dqcnc78q,2.0,14
dqcngjkj,dqcncf6c,1.0,14
dqcngjkj,dqcng4te,2.0,14
dqcngjkj,dqcnfqc3,2.0,14
dqcner94,dqcnenmf,1.0,14
dqcnf6cj,dqcnf3uz,1.0,14
dqcnf6cj,dqcnfffs,2.0,14
dqcnf6cj,dqcng4te,2.0,14
dqcnf6cj,dqcnc0gn,2.0,14
dqcnf6cj,dqcn9xvx,2.0,14
dqcnf6cj,dqcp1gxv,2.0,14
dqcncfq5,dqcnc6tb,2.0,14
dqcncfq5,dqcp1z6r,2.0,14
dqcne4gy,dqcnc0y3,2.0,14
dqcne4gy,dqcnfffs,1.0,14
dqcng06w,dqcnc6tb,2.0,14
dqcng06w,dqcp4kgx,2.0,14
dqcng06w,dqcnc78q,2.0,14
dqcng06w,dqcnc0y3,2.0,14
dqcng06w,dqcp1rzr,2.0,14
dqcng06w,dqcn9xvx,2.0,14
dqcnf3uz,dqcp1ys8,2.0,14
dqcnf3uz,dqcng4te,2.0,14
dqcnf3uz,dqcnfqc3,2.0,14
dqcnf3uz,dqcn9r0y,2.0,14
dqcnc6tb,dqcp1z6r,2.0,14
dqcnc6tb,dqcnc0y3,2.0,14
dqcnc6tb,dqcnfqc3,2.0,14
dqcnc6tb,dqcne1qu,2.0,14
dqcnc6tb,dqcn9xvx,1.0,14
dqcnc6tb,dqcp1gxv,2.0,14
dqcnc6tb,dqcnenmf,1.0,14
dqcnc7bc,dqcp1z6r,2.0,14
dqcnc7bc,dqcnfffs,2.0,14
dqcp1z6r,dqcp1ys8,2.0,14
dqcp1z6r,dqcp4kgx,2.0,14
dqcncdq7,dqcncwc5,2.0,14
dqcncdq7,dqcnenmf,2.0,14
dqcp1ys8,dqcp4kgx,1.0,14
dqcp1ys8,dqcnc78q,2.0,14
dqcp1ys8,dqcnc0y3,2.0,14
dqcp1ys8,dqcnfqc3,2.0,14
dqcp4kgx,dqcn9xvx,2.0,14
dqcp4kgx,dqcp1gxv,2.0,14
dqcnc78q,dqcp1rzr,2.0,14
dqcnc78q,dqcnfqc3,2.0,14
dqcnc78q,dqcp1wg8,2.0,14
dqcnf794,dqcnc0y3,2.0,14
dqcnf794,dqcp1rzr,1.0,14
dqcnf794,dqcnfffs,2.0,14
dqcncwc5,dqcn9r0y,2.0,14
dqcnc0y3,dqcnfffs,2.0,14
dqcnc0y3,dqcnc0gn,2.0,14
dqcnc0y3,dqcnfqc3,2.0,14
dqcnc0y3,dqcncx6x,1.0,14
dqcp1rzr,dqcnc0gn,2.0,14
dqcnfffs,dqcng4te,2.0,14
dqcnfffs,dqcnc0gn,2.0,14
dqcnfffs,dqcn9xvx,2.0,14
dqcnfffs,dqcp1wg8,2.0,14
dqcng4te,dqcn9xvx,2.0,14
dqcng4te,dqcnenmf,1.0,14
dqcnc0gn,dqcnfqc3,2.0,14
dqcnc0gn,dqcn9xvx,1.0,14
dqcn9xvx,dqcn9r0y,2.0,14
dqcp1wg8,dqcp1gxv,2.0,14
dqcp1wg8,dqcn9r0y,2.0,14
dqcp176g,dqcnc7hq,2.0,15
dqcp176g,dqcp1ys8,1.0,15
dqcp176g,dqcnc78q,2.0,15
dqcp176g,dqcn9xvx,2.0,15
dqcnc7hq,dqcngjkj,2.0,15
dqcnc7hq,dqcnf3uz,1.0,15
dqcnc7hq,dqcnc78q,2.0,15
dqcnc7hq,dqcnc0y3,2.0,15
dqcnc7hq,dqcn9xvx,2.0,15
dqcnc29k,dqcnctbb,2.0,15
dqcnc29k,dqcp4kgx,2.0,15
dqcnc29k,dqcnc78q,2.0,15
dqcnc29k,dqcn9r0y,1.0,15
dqcngqhc,dqcne4gy,2.0,15
dqcngqhc,dqcnfqc3,2.0,15
dqcngqhc,dqcne1qu,2.0,15
dqcnbbdq,dqcncvkb,1.0,15
dqcnbbdq,dqcncf4c,1.0,15
dqcncsjm,dqcng43b,2.0,15
dqcncsjm,dqcnfpuz,2.0,15
dqcncsjm,dqcncvkb,2.0,15
dqcncsjm,dqcnfk5z,1.0,15
dqcncsjm,dqcp1rx0,2.0,15
dqcncsjm,dqcp1yv9,2.0,15
dqcncsjm,dqcne4gy,2.0,15
dqcncsjm,dqcng4te,2.0,15
dqcncsjm,dqcne1qu,2.0,15
dqcnbchm,dqcncu6f,1.0,15
dqcnbchm,dqcnfk5z,1.0,15
dqcng43b,dqcp1yv9,2.0,15
dqcng43b,dqcngjkj,2.0,15
dqcng43b,dqcnc78q,2.0,15
dqcng43b,dqcng4te,2.0,15
dqcng43b,dqcne1qu,2.0,15
dqcng43b,dqcn9xvx,2.0,15
dqcng43b,dqcp1wg8,1.0,15
dqcnfpuz,dqcncu6f,2.0,15
dqcnfpuz,dqcncvkb,1.0,15
dqcnfpuz,dqcngjkj,2.0,15
dqcnfpuz,dqcng06w,2.0,15
dqcnfpuz,dqcnc78q,2.0,15
dqcnfpuz,dqcnc0y3,2.0,15
dqcnfpuz,dqcp1rzr,2.0,15
dqcnfpuz,dqcng4te,2.0,15
dqcnfpuz,dqcnfqc3,2.0,15
dqcp473c,dqcncvkb,1.0,15
dqcp473c,dqcp1rx0,1.0,15
dqcncu6f,dqcnfk5z,2.0,15
dqcncu6f,dqcnf3uz,2.0,15
dqcncvkb,dqcnfk5z,2.0,15
dqcncvkb,dqcp1yv9,1.0,15
dqcncvkb,dqcncfq5,2.0,15
dqcncvkb,dqcne4gy,2.0,15
dqcncvkb,dqcnc6tb,2.0,15
dqcncvkb,dqcnc78q,2.0,15
dqcncvkb,dqcn9xvx,1.0,15
dqcnfk5z,dqcp1yv9,2.0,15
dqcnfk5z,dqcncf4c,1.0,15
dqcnfk5z,dqcnf6cj,2.0,15
dqcnfk5z,dqcne4gy,1.0,15
dqcnfk5z,dqcp1z6r,2.0,15
dqcnfk5z,dqcnc78q,1.0,15
dqcnfk5z,dqcnc0y3,2.0,15
dqcp1rx0,dqcnc7bc,2.0,15
dqcp1rx0,dqcp1z6r,2.0,15
dqcp1rx0,dqcp1rzr,2.0,15
dqcp1yv9,dqcng06w,2.0,15
dqcp1yv9,dqcnf3uz,2.0,15
dqcp1yv9,dqcnc7bc,2.0,15
dqcp1yv9,dqcp1ys8,2.0,15
dqcp1yv9,dqcp4kgx,1.0,15
dqcp1yv9,dqcncf6c,1.0,15
dqcp1yv9,dqcnfffs,2.0,15
dqcp1yv9,dqcncx6x,1.0,15
dqcnctbb,dqcng06w,2.0,15
dqcnctbb,dqcncdq7,2.0,15
dqcne6ct,dqcne4gy,2.0,15
dqcne6ct,dqcng06w,2.0,15
dqcne6ct,dqcp1rzr,2.0,15
dqcne6ct,dqcnfffs,2.0,15
dqcngjkj,dqcnf6cj,2.0,15
dqcngjkj,dqcnf3uz,1.0,15
dqcngjkj,dqcp4kgx,2.0,15
dqcngjkj,dqcnc78q,2.0,15
dqcngjkj,dqcncf6c,1.0,15
dqcngjkj,dqcng4te,2.0,15
dqcngjkj,dqcnfqc3,2.0,15
dqcner94,dqcnenmf,1.0,15
dqcnf6cj,dqcnf3uz,1.0,15
dqcnf6cj,dqcnfffs,2.0,15
dqcnf6cj,dqcng4te,2.0,15
dqcnf6cj,dqcnc0gn,2.0,15
dqcnf6cj,dqcn9xvx,2.0,15
dqcnf6cj,dqcp1gxv,2.0,15
dqcncfq5,dqcnc6tb,2.0,15
dqcncfq5,dqcp1z6r,2.0,15
dqcne4gy,dqcnc0y3,2.0,15
dqcne4gy,dqcnfffs,1.0,15
dqcng06w,dqcnc6tb,2.0,15
dqcng06w,dqcp4kgx,2.0,15
dqcng06w,dqcnc78q,2.0,15
dqcng06w,dqcnc0y3,2.0,15
dqcng06w,dqcp1rzr,2.0,15
dqcng06w,dqcn9xvx,2.0,15
dqcnf3uz,dqcp1ys8,2.0,15
dqcnf3uz,dqcng4te,2.0,15
dqcnf3uz,dqcnfqc3,2.0,15
dqcnf3uz,dqcn9r0y,2.0,15
dqcnc6tb,dqcp1z6r,2.0,15
dqcnc6tb,dqcnc0y3,2.0,15
dqcnc6tb,dqcnfqc3,2.0,15
dqcnc6tb,dqcne1qu,2.0,15
dqcnc6tb,dqcn9xvx,1.0,15
dqcnc6tb,dqcp1gxv,2.0,15
dqcnc6tb,dqcnenmf,1.0,15
dqcnc7bc,dqcp1z6r,2.0,15
dqcnc7bc,dqcnfffs,2.0,15
dqcp1z6r,dqcp1ys8,2.0,15
dqcp1z6r,dqcp4kgx,2.0,15
dqcncdq7,dqcncwc5,2.0,15
dqcncdq7,dqcnenmf,2.0,15
dqcp1ys8,dqcp4kgx,1.0,15
dqcp1ys8,dqcnc78q,2.0,15
dqcp1ys8,dqcnc0y3,2.0,15
dqcp1ys8,dqcnfqc3,2.0,15
dqcp4kgx,dqcn9xvx,2.0,15
dqcp4kgx,dqcp1gxv,2.0,15
dqcnc78q,dqcp1rzr,2.0,15
dqcnc78q,dqcnfqc3,2.0,15
dqcnc78q,dqcp1wg8,2.0,15
dqcnf794,dqcnc0y3,2.0,15
dqcnf794,dqcp1rzr,1.0,15
dqcnf794,dqcnfffs,2.0,15
dqcncwc5,dqcn9r0y,2.0,15
dqcnc0y3,dqcnfffs,2.0,15
dqcnc0y3,dqcnc0gn,2.0,15
dqcnc0y3,dqcnfqc3,2.0,15
dqcnc0y3,dqcncx6x,1.0,15
dqcp1rzr,dqcnc0gn,2.0,15
dqcnfffs,dqcng4te,2.0,15
dqcnfffs,dqcnc0gn,2.0,15
dqcnfffs,dqcn9xvx,2.0,15
dqcnfffs,dqcp1wg8,2.0,15
dqcng4te,dqcn9xvx,2.0,15
dqcng4te,dqcnenmf,1.0,15
dqcnc0gn,dqcnfqc3,2.0,15
dqcnc0gn,dqcn9xvx,1.0,15
dqcn9xvx,dqcn9r0y,2.0,15
dqcp1wg8,dqcp1gxv,2.0,15
dqcp1wg8,dqcn9r0y,2.0,15
dqcp176g,dqcnc7hq,2.0,16
dqcp176g,dqcp1ys8,1.0,16
dqcp176g,dqcnc78q,2.0,16
dqcp176g,dqcn9xvx,2.0,16
dqcnc7hq,dqcngjkj,2.0,16
dqcnc7hq,dqcnf3uz,1.0,16
dqcnc7hq,dqcnc78q,2.0,16
dqcnc7hq,dqcnc0y3,2.0,16
dqcnc7hq,dqcn9xvx,2.0,16
dqcnc29k,dqcnctbb,2.0,16
dqcnc29k,dqcp4kgx,2.0,16
dqcnc29k,dqcnc78q,2.0,16
dqcnc29k,dqcn9r0y,1.0,16
dqcngqhc,dqcne4gy,2.0,16
dqcngqhc,dqcnfqc3,2.0,16
dqcngqhc,dqcne1qu,2.0,16
dqcnbbdq,dqcncvkb,1.0,16
dqcnbbdq,dqcncf4c,1.0,16
dqcncsjm,dqcng43b,2.0,16
dqcncsjm,dqcnfpuz,2.0,16
dqcncsjm,dqcncvkb,2.0,16
dqcncsjm,dqcnfk5z,1.0,16
dqcncsjm,dqcp1rx0,2.0,16
dqcncsjm,dqcp1yv9,2.0,16
dqcncsjm,dqcne4gy,2.0,16
dqcncsjm,dqcng4te,2.0,16
dqcncsjm,dqcne1qu,2.0,16
dqcnbchm,dqcncu6f,1.0,16
dqcnbchm,dqcnfk5z,1.0,16
dqcng43b,dqcp1yv9,2.0,16
dqcng43b,dqcngjkj,2.0,16
dqcng43b,dqcnc78q,2.0,16
dqcng43b,dqcng4te,2.0,16
dqcng43b,dqcne1qu,2.0,16
dqcng43b,dqcn9xvx,2.0,16
dqcng43b,dqcp1wg8,1.0,16
dqcnfpuz,dqcncu6f,2.0,16
dqcnfpuz,dqcncvkb,1.0,16
dqcnfpuz,dqcngjkj,2.0,16
dqcnfpuz,dqcng06w,2.0,16
dqcnfpuz,dqcnc78q,2.0,16
dqcnfpuz,dqcnc0y3,2.0,16
dqcnfpuz,dqcp1rzr,2.0,16
dqcnfpuz,dqcng4te,2.0,16
dqcnfpuz,dqcnfqc3,2.0,16
dqcp473c,dqcncvkb,1.0,16
dqcp473c,dqcp1rx0,1.0,16
dqcncu6f,dqcnfk5z,2.0,16
dqcncu6f,dqcnf3uz,2.0,16
dqcncvkb,dqcnfk5z,2.0,16
dqcncvkb,dqcp1yv9,1.0,16
dqcncvkb,dqcncfq5,2.0,16
dqcncvkb,dqcne4gy,2.0,16
dqcncvkb,dqcnc6tb,2.0,16
dqcncvkb,dqcnc78q,2.0,16
dqcncvkb,dqcn9xvx,1.0,16
dqcnfk5z,dqcp1yv9,2.0,16
dqcnfk5z,dqcncf4c,1.0,16
dqcnfk5z,dqcnf6cj,2.0,16
dqcnfk5z,dqcne4gy,1.0,16
dqcnfk5z,dqcp1z6r,2.0,16
dqcnfk5z,dqcnc78q,1.0,16
dqcnfk5z,dqcnc0y3,2.0,16
dqcp1rx0,dqcnc7bc,2.0,16
dqcp1rx0,dqcp1z6r,2.0,16
dqcp1rx0,dqcp1rzr,2.0,16
dqcp1yv9,dqcng06w,2.0,16
dqcp1yv9,dqcnf3uz,2.0,16
dqcp1yv9,dqcnc7bc,2.0,16
dqcp1yv9,dqcp1ys8,2.0,16
dqcp1yv9,dqcp4kgx,1.0,16
dqcp1yv9,dqcncf6c,1.0,16
dqcp1yv9,dqcnfffs,2.0,16
dqcp1yv9,dqcncx6x,1.0,16
dqcnctbb,dqcng06w,2.0,16
dqcnctbb,dqcncdq7,2.0,16
dqcne6ct,dqcne4gy,2.0,16
dqcne6ct,dqcng06w,2.0,16
dqcne6ct,dqcp1rzr,2.0,16
dqcne6ct,dqcnfffs,2.0,16
dqcngjkj,dqcnf6cj,2.0,16
dqcngjkj,dqcnf3uz,1.0,16
dqcngjkj,dqcp4kgx,2.0,16
dqcngjkj,dqcnc78q,2.0,16
dqcngjkj,dqcncf6c,1.0,16
dqcngjkj,dqcng4te,2.0,16
dqcngjkj,dqcnfqc3,2.0,16
dqcner94,dqcnenmf,1.0,16
dqcnf6cj,dqcnf3uz,1.0,16
dqcnf6cj,dqcnfffs,2.0,16
dqcnf6cj,dqcng4te,2.0,16
dqcnf6cj,dqcnc0gn,2.0,16
dqcnf6cj,dqcn9xvx,2.0,16
dqcnf6cj,dqcp1gxv,2.0,16
dqcncfq5,dqcnc6tb,2.0,16
dqcncfq5,dqcp1z6r,2.0,16
dqcne4gy,dqcnc0y3,2.0,16
dqcne4gy,dqcnfffs,1.0,16
dqcng06w,dqcnc6tb,2.0,16
dqcng06w,dqcp4kgx,2.0,16
dqcng06w,dqcnc78q,2.0,16
dqcng06w,dqcnc0y3,2.0,16
dqcng06w,dqcp1rzr,2.0,16
dqcng06w,dqcn9xvx,2.0,16
dqcnf3uz,dqcp1ys8,2.0,16
dqcnf3uz,dqcng4te,2.0,16
dqcnf3uz,dqcnfqc3,2.0,16
dqcnf3uz,dqcn9r0y,2.0,16
dqcnc6tb,dqcp1z6r,2.0,16
dqcnc6tb,dqcnc0y3,2.0,16
dqcnc6tb,dqcnfqc3,2.0,16
dqcnc6tb,dqcne1qu,2.0,16
dqcnc6tb,dqcn9xvx,1.0,16
dqcnc6tb,dqcp1gxv,2.0,16
dqcnc6tb,dqcnenmf,1.0,16
dqcnc7bc,dqcp1z6r,2.0,16
dqcnc7bc,dqcnfffs,2.0,16
dqcp1z6r,dqcp1ys8,2.0,16
dqcp1z6r,dqcp4kgx,2.0,16
dqcncdq7,dqcncwc5,2.0,16
dqcncdq7,dqcnenmf,2.0,16
dqcp1ys8,dqcp4kgx,1.0,16
dqcp1ys8,dqcnc78q,2.0,16
dqcp1ys8,dqcnc0y3,2.0,16
dqcp1ys8,dqcnfqc3,2.0,16
dqcp4kgx,dqcn9xvx,2.0,16
dqcp4kgx,dqcp1gxv,2.0,16
dqcnc78q,dqcp1rzr,2.0,16
dqcnc78q,dqcnfqc3,2.0,16
dqcnc78q,dqcp1wg8,2.0,16
dqcnf794,dqcnc0y3,2.0,16
dqcnf794,dqcp1rzr,1.0,16
dqcnf794,dqcnfffs,2.0,16
dqcncwc5,dqcn9r0y,2.0,16
dqcnc0y3,dqcnfffs,2.0,16
dqcnc0y3,dqcnc0gn,2.0,16
dqcnc0y3,dqcnfqc3,2.0,16
dqcnc0y3,dqcncx6x,1.0,16
dqcp1rzr,dqcnc0gn,2.0,16
dqcnfffs,dqcng4te,2.0,16
dqcnfffs,dqcnc0gn,2.0,16
dqcnfffs,dqcn9xvx,2.0,16
dqcnfffs,dqcp1wg8,2.0,16
dqcng4te,dqcn9xvx,2.0,16
dqcng4te,dqcnenmf,1.0,16
dqcnc0gn,dqcnfqc3,2.0,16
dqcnc0gn,dqcn9xvx,1.0,16
dqcn9xvx,dqcn9r0y,2.0,16
dqcp1wg8,dqcp1gxv,2.0,16
dqcp1wg8,dqcn9r0y,2.0,16
dqcp176g,dqcnc7hq,2.0,17
dqcp176g,dqcp1ys8,1.0,17
dqcp176g,dqcnc78q,2.0,17
dqcp176g,dqcn9xvx,2.0,17
dqcnc7hq,dqcngjkj,2.0,17
dqcnc7hq,dqcnf3uz,1.0,17
dqcnc7hq,dqcnc78q,2.0,17
dqcnc7hq,dqcnc0y3,2.0,17
dqcnc7hq,dqcn9xvx,2.0,17
dqcnc29k,dqcnctbb,2.0,17
dqcnc29k,dqcp4kgx,2.0,17
dqcnc29k,dqcnc78q,2.0,17
dqcnc29k,dqcn9r0y,1.0,17
dqcngqhc,dqcne4gy,2.0,17
dqcngqhc,dqcnfqc3,2.0,17
dqcngqhc,dqcne1qu,2.0,17
dqcnbbdq,dqcncvkb,1.0,17
dqcnbbdq,dqcncf4c,1.0,17
dqcncsjm,dqcng43b,2.0,17
dqcncsjm,dqcnfpuz,2.0,17
dqcncsjm,dqcncvkb,2.0,17
dqcncsjm,dqcnfk5z,1.0,17
dqcncsjm,dqcp1rx0,2.0,17
dqcncsjm,dqcp1yv9,2.0,17
dqcncsjm,dqcne4gy,2.0,17
dqcncsjm,dqcng4te,2.0,17
dqcncsjm,dqcne1qu,2.0,17
dqcnbchm,dqcncu6f,1.0,17
dqcnbchm,dqcnfk5z,1.0,17
dqcng43b,dqcp1yv9,2.0,17
dqcng43b,dqcngjkj,2.0,17
dqcng43b,dqcnc78q,2.0,17
dqcng43b,dqcng4te,2.0,17
dqcng43b,dqcne1qu,2.0,17
dqcng43b,dqcn9xvx,2.0,17
dqcng43b,dqcp1wg8,1.0,17
dqcnfpuz,dqcncu6f,2.0,17
dqcnfpuz,dqcncvkb,1.0,17
dqcnfpuz,dqcngjkj,2.0,17
dqcnfpuz,dqcng06w,2.0,17
dqcnfpuz,dqcnc78q,2.0,17
dqcnfpuz,dqcnc0y3,2.0,17
dqcnfpuz,dqcp1rzr,2.0,17
dqcnfpuz,dqcng4te,2.0,17
dqcnfpuz,dqcnfqc3,2.0,17
dqcp473c,dqcncvkb,1.0,17
dqcp473c,dqcp1rx0,1.0,17
dqcncu6f,dqcnfk5z,2.0,17
dqcncu6f,dqcnf3uz,2.0,17
dqcncvkb,dqcnfk5z,2.0,17
dqcncvkb,dqcp1yv9,1.0,17
dqcncvkb,dqcncfq5,2.0,17
dqcncvkb,dqcne4gy,2.0,17
dqcncvkb,dqcnc6tb,2.0,17
dqcncvkb,dqcnc78q,2.0,17
dqcncvkb,dqcn9xvx,1.0,17
dqcnfk5z,dqcp1yv9,2.0,17
dqcnfk5z,dqcncf4c,1.0,17
dqcnfk5z,dqcnf6cj,2.0,17
dqcnfk5z,dqcne4gy,1.0,17
dqcnfk5z,dqcp1z6r,2.0,17
dqcnfk5z,dqcnc78q,1.0,17
dqcnfk5z,dqcnc0y3,2.0,17
dqcp1rx0,dqcnc7bc,2.0,17
dqcp1rx0,dqcp1z6r,2.0,17
dqcp1rx0,dqcp1rzr,2.0,17
dqcp1yv9,dqcng06w,2.0,17
dqcp1yv9,dqcnf3uz,2.0,17
dqcp1yv9,dqcnc7bc,2.0,17
dqcp1yv9,dqcp1ys8,2.0,17
dqcp1yv9,dqcp4kgx,1.0,17
dqcp1yv9,dqcncf6c,1.0,17
dqcp1yv9,dqcnfffs,2.0,17
dqcp1yv9,dqcncx6x,1.0,17
dqcnctbb,dqcng06w,2.0,17
dqcnctbb,dqcncdq7,2.0,17
dqcne6ct,dqcne4gy,2.0,17
dqcne6ct,dqcng06w,2.0,17
dqcne6ct,dqcp1rzr,2.0,17
dqcne6ct,dqcnfffs,2.0,17
dqcngjkj,dqcnf6cj,2.0,17
dqcngjkj,dqcnf3uz,1.0,17
dqcngjkj,dqcp4kgx,2.0,17
dqcngjkj,dqcnc78q,2.0,17
dqcngjkj,dqcncf6c,1.0,17
dqcngjkj,dqcng4te,2.0,17
dqcngjkj,dqcnfqc3,2.0,17
dqcner94,dqcnenmf,1.0,17
dqcnf6cj,dqcnf3uz,1.0,17
dqcnf6cj,dqcnfffs,2.0,17
dqcnf6cj,dqcng4te,2.0,17
dqcnf6cj,dqcnc0gn,2.0,17
dqcnf6cj,dqcn9xvx,2.0,17
dqcnf6cj,dqcp1gxv,2.0,17
dqcncfq5,dqcnc6tb,2.0,17
dqcncfq5,dqcp1z6r,2.0,17
dqcne4gy,dqcnc0y3,2.0,17
dqcne4gy,dqcnfffs,1.0,17
dqcng06w,dqcnc6tb,2.0,17
dqcng06w,dqcp4kgx,2.0,17
dqcng06w,dqcnc78q,2.0,17
dqcng06w,dqcnc0y3,2.0,17
dqcng06w,dqcp1rzr,2.0,17
dqcng06w,dqcn9xvx,2.0,17
dqcnf3uz,dqcp1ys8,2.0,17
dqcnf3uz,dqcng4te,2.0,17
dqcnf3uz,dqcnfqc3,2.0,17
dqcnf3uz,dqcn9r0y,2.0,17
dqcnc6tb,dqcp1z6r,2.0,17
dqcnc6tb,dqcnc0y3,2.0,17
dqcnc6tb,dqcnfqc3,2.0,17
dqcnc6tb,dqcne1qu,2.0,17
dqcnc6tb,dqcn9xvx,1.0,17
dqcnc6tb,dqcp1gxv,2.0,17
dqcnc6tb,dqcnenmf,1.0,17
dqcnc7bc,dqcp1z6r,2.0,17
dqcnc7bc,dqcnfffs,2.0,17
dqcp1z6r,dqcp1ys8,2.0,17
dqcp1z6r,dqcp4kgx,2.0,17
dqcncdq7,dqcncwc5,2.0,17
dqcncdq7,dqcnenmf,2.0,17
dqcp1ys8,dqcp4kgx,1.0,17
dqcp1ys8,dqcnc78q,2.0,17
dqcp1ys8,dqcnc0y3,2.0,17
dqcp1ys8,dqcnfqc3,2.0,17
dqcp4kgx,dqcn9xvx,2.0,17
dqcp4kgx,dqcp1gxv,2.0,17
dqcnc78q,dqcp1rzr,2.0,17
dqcnc78q,dqcnfqc3,2.0,17
dqcnc78q,dqcp1wg8,2.0,17
dqcnf794,dqcnc0y3,2.0,17
dqcnf794,dqcp1rzr,1.0,17
dqcnf794,dqcnfffs,2.0,17
dqcncwc5,dqcn9r0y,2.0,17
dqcnc0y3,dqcnfffs,2.0,17
dqcnc0y3,dqcnc0gn,2.0,17
dqcnc0y3,dqcnfqc3,2.0,17
dqcnc0y3,dqcncx6x,1.0,17
dqcp1rzr,dqcnc0gn,2.0,17
dqcnfffs,dqcng4te,2.0,17
dqcnfffs,dqcnc0gn,2.0,17
dqcnfffs,dqcn9xvx,2.0,17
dqcnfffs,dqcp1wg8,2.0,17
dqcng4te,dqcn9xvx,2.0,17
dqcng4te,dqcnenmf,1.0,17
dqcnc0gn,dqcnfqc3,2.0,17
dqcnc0gn,dqcn9xvx,1.0,17
dqcn9xvx,dqcn9r0y,2.0,17
dqcp1wg8,dqcp1gxv,2.0,17
dqcp1wg8,dqcn9r0y,2.0,17
dqcp176g,dqcnc7hq,2.0,18
dqcp176g,dqcp1ys8,1.0,18
dqcp176g,dqcnc78q,2.0,18
dqcp176g,dqcn9xvx,2.0,18
dqcnc7hq,dqcngjkj,2.0,18
dqcnc7hq,dqcnf3uz,1.0,18
dqcnc7hq,dqcnc78q,2.0,18
dqcnc7hq,dqcnc0y3,2.0,18
dqcnc7hq,dqcn9xvx,2.0,18
dqcnc29k,dqcnctbb,2.0,18
dqcnc29k,dqcp4kgx,2.0,18
dqcnc29k,dqcnc78q,2.0,18
dqcnc29k,dqcn9r0y,1.0,18
dqcngqhc,dqcne4gy,2.0,18
dqcngqhc,dqcnfqc3,2.0,18
dqcngqhc,dqcne1qu,2.0,18
dqcnbbdq,dqcncvkb,1.0,18
dqcnbbdq,dqcncf4c,1.0,18
dqcncsjm,dqcng43b,2.0,18
dqcncsjm,dqcnfpuz,2.0,18
dqcncsjm,dqcncvkb,2.0,18
dqcncsjm,dqcnfk5z,1.0,18
dqcncsjm,dqcp1rx0,2.0,18
dqcncsjm,dqcp1yv9,2.0,18
dqcncsjm,dqcne4gy,2.0,18
dqcncsjm,dqcng4te,2.0,18
dqcncsjm,dqcne1qu,2.0,18
dqcnbchm,dqcncu6f,1.0,18
dqcnbchm,dqcnfk5z,1.0,18
dqcng43b,dqcp1yv9,2.0,18
dqcng43b,dqcngjkj,2.0,18
dqcng43b,dqcnc78q,2.0,18
dqcng43b,dqcng4te,2.0,18
dqcng43b,dqcne1qu,2.0,18
dqcng43b,dqcn9xvx,2.0,18
dqcng43b,dqcp1wg8,1.0,18
dqcnfpuz,dqcncu6f,2.0,18
dqcnfpuz,dqcncvkb,1.0,18
dqcnfpuz,dqcngjkj,2.0,18
dqcnfpuz,dqcng06w,2.0,18
dqcnfpuz,dqcnc78q,2.0,18
dqcnfpuz,dqcnc0y3,2.0,18
dqcnfpuz,dqcp1rzr,2.0,18
dqcnfpuz,dqcng4te,2.0,18
dqcnfpuz,dqcnfqc3,2.0,18
dqcp473c,dqcncvkb,1.0,18
dqcp473c,dqcp1rx0,1.0,18
dqcncu6f,dqcnfk5z,2.0,18
dqcncu6f,dqcnf3uz,2.0,18
dqcncvkb,dqcnfk5z,2.0,18
dqcncvkb,dqcp1yv9,1.0,18
dqcncvkb,dqcncfq5,2.0,18
dqcncvkb,dqcne4gy,2.0,18
dqcncvkb,dqcnc6tb,2.0,18
dqcncvkb,dqcnc78q,2.0,18
dqcncvkb,dqcn9xvx,1.0,18
dqcnfk5z,dqcp1yv9,2.0,18
dqcnfk5z,dqcncf4c,1.0,18
dqcnfk5z,dqcnf6cj,2.0,18
dqcnfk5z,dqcne4gy,1.0,18
dqcnfk5z,dqcp1z6r,2.0,18
dqcnfk5z,dqcnc78q,1.0,18
dqcnfk5z,dqcnc0y3,2.0,18
dqcp1rx0,dqcnc7bc,2.0,18
dqcp1rx0,dqcp1z6r,2.0,18
dqcp1rx0,dqcp1rzr,2.0,18
dqcp1yv9,dqcng06w,2.0,18
dqcp1yv9,dqcnf3uz,2.0,18
dqcp1yv9,dqcnc7bc,2.0,18
dqcp1yv9,dqcp1ys8,2.0,18
dqcp1yv9,dqcp4kgx,1.0,18
dqcp1yv9,dqcncf6c,1.0,18
dqcp1yv9,dqcnfffs,2.0,18
dqcp1yv9,dqcncx6x,1.0,18
dqcnctbb,dqcng06w,2.0,18
dqcnctbb,dqcncdq7,2.0,18
dqcne6ct,dqcne4gy,2.0,18
dqcne6ct,dqcng06w,2.0,18
dqcne6ct,dqcp1rzr,2.0,18
dqcne6ct,dqcnfffs,2.0,18
dqcngjkj,dqcnf6cj,2.0,18
dqcngjkj,dqcnf3uz,1.0,18
dqcngjkj,dqcp4kgx,2.0,18
dqcngjkj,dqcnc78q,2.0,18
dqcngjkj,dqcncf6c,1.0,18
dqcngjkj,dqcng4te,2.0,18
dqcngjkj,dqcnfqc3,2.0,18
dqcner94,dqcnenmf,1.0,18
dqcnf6cj,dqcnf3uz,1.0,18
dqcnf6cj,dqcnfffs,2.0,18
dqcnf6cj,dqcng4te,2.0,18
dqcnf6cj,dqcnc0gn,2.0,18
dqcnf6cj,dqcn9xvx,2.0,18
dqcnf6cj,dqcp1gxv,2.0,18
dqcnf6cj,dqcn9r0y,2.0,18
dqcncfq5,dqcnc6tb,2.0,18
dqcncfq5,dqcp1z6r,2.0,18
dqcne4gy,dqcnc0y3,2.0,18
dqcne4gy,dqcnfffs,1.0,18
dqcng06w,dqcnc6tb,2.0,18
dqcng06w,dqcp4kgx,2.0,18
dqcng06w,dqcnc78q,2.0,18
dqcng06w,dqcnc0y3,2.0,18
dqcng06w,dqcp1rzr,2.0,18
dqcng06w,dqcn9xvx,2.0,18
dqcnf3uz,dqcp1ys8,2.0,18
dqcnf3uz,dqcng4te,2.0,18
dqcnf3uz,dqcnfqc3,2.0,18
dqcnf3uz,dqcn9r0y,2.0,18
dqcnc6tb,dqcp1z6r,2.0,18
dqcnc6tb,dqcnc0y3,2.0,18
dqcnc6tb,dqcnfqc3,2.0,18
dqcnc6tb,dqcne1qu,2.0,18
dqcnc6tb,dqcn9xvx,1.0,18
dqcnc6tb,dqcp1gxv,2.0,18
dqcnc6tb,dqcnenmf,1.0,18
dqcnc7bc,dqcp1z6r,2.0,18
dqcnc7bc,dqcnfffs,2.0,18
dqcp1z6r,dqcp1ys8,2.0,18
dqcp1z6r,dqcp4kgx,2.0,18
dqcncdq7,dqcncwc5,2.0,18
dqcncdq7,dqcnenmf,2.0,18
dqcp1ys8,dqcp4kgx,1.0,18
dqcp1ys8,dqcnc78q,2.0,18
dqcp1ys8,dqcnc0y3,2.0,18
dqcp1ys8,dqcnfqc3,2.0,18
dqcp4kgx,dqcn9xvx,2.0,18
dqcp4kgx,dqcp1gxv,2.0,18
dqcnc78q,dqcp1rzr,2.0,18
dqcnc78q,dqcnfqc3,2.0,18
dqcnc78q,dqcp1wg8,2.0,18
dqcnf794,dqcnc0y3,2.0,18
dqcnf794,dqcp1rzr,1.0,18
dqcnf794,dqcnfffs,2.0,18
dqcncwc5,dqcn9r0y,2.0,18
dqcnc0y3,dqcnfffs,2.0,18
dqcnc0y3,dqcnc0gn,2.0,18
dqcnc0y3,dqcnfqc3,2.0,18
dqcnc0y3,dqcncx6x,1.0,18
dqcp1rzr,dqcnc0gn,2.0,18
dqcnfffs,dqcng4te,2.0,18
dqcnfffs,dqcnc0gn,2.0,18
dqcnfffs,dqcn9xvx,2.0,18
dqcnfffs,dqcp1wg8,2.0,18
dqcng4te,dqcn9xvx,2.0,18
dqcng4te,dqcnenmf,1.0,18
dqcnc0gn,dqcnfqc3,2.0,18
dqcnc0gn,dqcn9xvx,1.0,18
dqcn9xvx,dqcn9r0y,2.0,18
dqcp1wg8,dqcp1gxv,2.0,18
dqcp1wg8,dqcn9r0y,2.0,18
dqcp176g,dqcnc7hq,2.0,19
dqcp176g,dqcp1ys8,1.0,19
dqcp176g,dqcnc78q,2.0,19
dqcp176g,dqcn9xvx,2.0,19
dqcnc7hq,dqcngjkj,2.0,19
dqcnc7hq,dqcnf3uz,1.0,19
dqcnc7hq,dqcnc78q,2.0,19
dqcnc7hq,dqcnc0y3,2.0,19
dqcnc7hq,dqcn9xvx,2.0,19
dqcnc29k,dqcnctbb,2.0,19
dqcnc29k,dqcp4kgx,2.0,19
dqcnc29k,dqcnc78q,2.0,19
dqcnc29k,dqcn9r0y,1.0,19
dqcngqhc,dqcne4gy,2.0,19
dqcngqhc,dqcnfqc3,2.0,19
dqcngqhc,dqcne1qu,2.0,19
dqcnbbdq,dqcncvkb,1.0,19
dqcnbbdq,dqcncf4c,1.0,19
dqcncsjm,dqcng43b,2.0,19
dqcncsjm,dqcnfpuz,2.0,19
dqcncsjm,dqcncvkb,2.0,19
dqcncsjm,dqcnfk5z,1.0,19
dqcncsjm,dqcp1rx0,2.0,19
dqcncsjm,dqcp1yv9,2.0,19
dqcncsjm,dqcne4gy,2.0,19
dqcncsjm,dqcng4te,2.0,19
dqcncsjm,dqcne1qu,2.0,19
dqcnbchm,dqcncu6f,1.0,19
dqcnbchm,dqcnfk5z,1.0,19
dqcng43b,dqcp1yv9,2.0,19
dqcng43b,dqcngjkj,2.0,19
dqcng43b,dqcnc78q,2.0,19
dqcng43b,dqcng4te,2.0,19
dqcng43b,dqcne1qu,2.0,19
dqcng43b,dqcn9xvx,2.0,19
dqcng43b,dqcp1wg8,1.0,19
dqcnfpuz,dqcncu6f,2.0,19
dqcnfpuz,dqcncvkb,1.0,19
dqcnfpuz,dqcngjkj,2.0,19
dqcnfpuz,dqcng06w,2.0,19
dqcnfpuz,dqcnc78q,2.0,19
dqcnfpuz,dqcnc0y3,2.0,19
dqcnfpuz,dqcp1rzr,2.0,19
dqcnfpuz,dqcng4te,2.0,19
dqcnfpuz,dqcnfqc3,2.0,19
dqcp473c,dqcncvkb,1.0,19
dqcp473c,dqcp1rx0,1.0,19
dqcncu6f,dqcnfk5z,2.0,19
dqcncu6f,dqcnf3uz,2.0,19
dqcncvkb,dqcnfk5z,2.0,19
dqcncvkb,dqcp1yv9,1.0,19
dqcncvkb,dqcncfq5,2.0,19
dqcncvkb,dqcne4gy,2.0,19
dqcncvkb,dqcnc6tb,2.0,19
dqcncvkb,dqcnc78q,2.0,19
dqcncvkb,dqcn9xvx,1.0,19
dqcnfk5z,dqcp1yv9,2.0,19
dqcnfk5z,dqcncf4c,1.0,19
dqcnfk5z,dqcnf6cj,2.0,19
dqcnfk5z,dqcne4gy,1.0,19
dqcnfk5z,dqcp1z6r,2.0,19
dqcnfk5z,dqcnc78q,1.0,19
dqcnfk5z,dqcnc0y3,2.0,19
dqcp1rx0,dqcnc7bc,2.0,19
dqcp1rx0,dqcp1z6r,2.0,19
dqcp1rx0,dqcp1rzr,2.0,19
dqcp1yv9,dqcng06w,2.0,19
dqcp1yv9,dqcnf3uz,2.0,19
dqcp1yv9,dqcnc7bc,2.0,19
dqcp1yv9,dqcp1ys8,2.0,19
dqcp1yv9,dqcp4kgx,1.0,19
dqcp1yv9,dqcncf6c,1.0,19
dqcp1yv9,dqcnfffs,2.0,19
dqcp1yv9,dqcncx6x,1.0,19
dqcnctbb,dqcng06w,2.0,19
dqcnctbb,dqcncdq7,2.0,19
dqcne6ct,dqcne4gy,2.0,19
dqcne6ct,dqcng06w,2.0,19
dqcne6ct,dqcp1rzr,2.0,19
dqcne6ct,dqcnfffs,2.0,19
dqcngjkj,dqcnf6cj,2.0,19
dqcngjkj,dqcnf3uz,1.0,19
dqcngjkj,dqcp4kgx,2.0,19
dqcngjkj,dqcnc78q,2.0,19
dqcngjkj,dqcncf6c,1.0,19
dqcngjkj,dqcng4te,2.0,19
dqcngjkj,dqcnfqc3,2.0,19
dqcner94,dqcnenmf,1.0,19
dqcnf6cj,dqcnf3uz,1.0,19
dqcnf6cj,dqcnfffs,2.0,19
dqcnf6cj,dqcng4te,2.0,19
dqcnf6cj,dqcnc0gn,2.0,19
dqcnf6cj,dqcn9xvx,2.0,19
dqcnf6cj,dqcp1gxv,2.0,19
dqcnf6cj,dqcn9r0y,2.0,19
dqcncfq5,dqcnc6tb,2.0,19
dqcncfq5,dqcp1z6r,2.0,19
dqcne4gy,dqcnc0y3,2.0,19
dqcne4gy,dqcnfffs,1.0,19
dqcng06w,dqcnc6tb,2.0,19
dqcng06w,dqcp4kgx,2.0,19
dqcng06w,dqcnc78q,2.0,19
dqcng06w,dqcnc0y3,2.0,19
dqcng06w,dqcp1rzr,2.0,19
dqcng06w,dqcn9xvx,2.0,19
dqcnf3uz,dqcp1ys8,2.0,19
dqcnf3uz,dqcng4te,2.0,19
dqcnf3uz,dqcnfqc3,2.0,19
dqcnf3uz,dqcn9r0y,2.0,19
dqcnc6tb,dqcp1z6r,2.0,19
dqcnc6tb,dqcnc0y3,2.0,19
dqcnc6tb,dqcnfqc3,2.0,19
dqcnc6tb,dqcne1qu,2.0,19
dqcnc6tb,dqcn9xvx,1.0,19
dqcnc6tb,dqcp1gxv,2.0,19
dqcnc6tb,dqcnenmf,1.0,19
dqcnc7bc,dqcp1z6r,2.0,19
dqcnc7bc,dqcnfffs,2.0,19
dqcp1z6r,dqcp1ys8,2.0,19
dqcp1z6r,dqcp4kgx,2.0,19
dqcncdq7,dqcncwc5,2.0,19
dqcncdq7,dqcnenmf,2.0,19
dqcp1ys8,dqcp4kgx,1.0,19
dqcp1ys8,dqcnc78q,2.0,19
dqcp1ys8,dqcnc0y3,2.0,19
dqcp1ys8,dqcnfqc3,2.0,19
dqcp4kgx,dqcn9xvx,2.0,19
dqcp4kgx,dqcp1gxv,2.0,19
dqcnc78q,dqcp1rzr,2.0,19
dqcnc78q,dqcnfqc3,2.0,19
dqcnc78q,dqcp1wg8,2.0,19
dqcnf794,dqcnc0y3,2.0,19
dqcnf794,dqcp1rzr,1.0,19
dqcnf794,dqcnfffs,2.0,19
dqcncwc5,dqcn9r0y,2.0,19
dqcnc0y3,dqcnfffs,2.0,19
dqcnc0y3,dqcnc0gn,2.0,19
dqcnc0y3,dqcnfqc3,2.0,19
dqcnc0y3,dqcncx6x,1.0,19
dqcp1rzr,dqcnc0gn,2.0,19
dqcnfffs,dqcng4te,2.0,19
dqcnfffs,dqcnc0gn,2.0,19
dqcnfffs,dqcn9xvx,2.0,19
dqcnfffs,dqcp1wg8,2.0,19
dqcng4te,dqcn9xvx,2.0,19
dqcng4te,dqcnenmf,1.0,19
dqcnc0gn,dqcnfqc3,2.0,19
dqcnc0gn,dqcn9xvx,1.0,19
dqcn9xvx,dqcn9r0y,2.0,19
dqcp1wg8,dqcp1gxv,2.0,19
dqcp1wg8,dqcn9r0y,2.0,19
dqcp176g,dqcnc7hq,2.0,20
dqcp176g,dqcp1ys8,1.0,20
dqcp176g,dqcnc78q,2.0,20
dqcp176g,dqcn9xvx,2.0,20
dqcnc7hq,dqcngjkj,2.0,20
dqcnc7hq,dqcnf3uz,1.0,20
dqcnc7hq,dqcnc78q,2.0,20
dqcnc7hq,dqcnc0y3,2.0,20
dqcnc7hq,dqcn9xvx,2.0,20
dqcnc29k,dqcnctbb,2.0,20
dqcnc29k,dqcp4kgx,2.0,20
dqcnc29k,dqcnc78q,2.0,20
dqcnc29k,dqcn9r0y,1.0,20
dqcngqhc,dqcne4gy,2.0,20
dqcngqhc,dqcnfqc3,2.0,20
dqcngqhc,dqcne1qu,2.0,20
dqcnbbdq,dqcncvkb,1.0,20
dqcnbbdq,dqcncf4c,1.0,20
dqcncsjm,dqcng43b,2.0,20
dqcncsjm,dqcnfpuz,2.0,20
dqcncsjm,dqcncvkb,2.0,20
dqcncsjm,dqcnfk5z,1.0,20
dqcncsjm,dqcp1rx0,2.0,20
dqcncsjm,dqcp1yv9,2.0,20
dqcncsjm,dqcne4gy,2.0,20
dqcncsjm,dqcng4te,2.0,20
dqcncsjm,dqcne1qu,2.0,20
dqcnbchm,dqcncu6f,1.0,20
dqcnbchm,dqcnfk5z,1.0,20
dqcng43b,dqcp1yv9,2.0,20
dqcng43b,dqcngjkj,2.0,20
dqcng43b,dqcnc78q,2.0,20
dqcng43b,dqcng4te,2.0,20
dqcng43b,dqcne1qu,2.0,20
dqcng43b,dqcn9xvx,2.0,20
dqcng43b,dqcp1wg8,1.0,20
dqcnfpuz,dqcncu6f,2.0,20
dqcnfpuz,dqcncvkb,1.0,20
dqcnfpuz,dqcngjkj,2.0,20
dqcnfpuz,dqcng06w,2.0,20
dqcnfpuz,dqcnc78q,2.0,20
dqcnfpuz,dqcnc0y3,2.0,20
dqcnfpuz,dqcp1rzr,2.0,20
dqcnfpuz,dqcng4te,2.0,20
dqcnfpuz,dqcnfqc3,2.0,20
dqcp473c,dqcncvkb,1.0,20
dqcp473c,dqcp1rx0,1.0,20
dqcncu6f,dqcnfk5z,2.0,20
dqcncu6f,dqcnf3uz,2.0,20
dqcncvkb,dqcnfk5z,2.0,20
dqcncvkb,dqcp1yv9,1.0,20
dqcncvkb,dqcncfq5,2.0,20
dqcncvkb,dqcne4gy,2.0,20
dqcncvkb,dqcnc6tb,2.0,20
dqcncvkb,dqcnc78q,2.0,20
dqcncvkb,dqcn9xvx,1.0,20
dqcnfk5z,dqcp1yv9,2.0,20
dqcnfk5z,dqcncf4c,1.0,20
dqcnfk5z,dqcnf6cj,2.0,20
dqcnfk5z,dqcne4gy,1.0,20
dqcnfk5z,dqcp1z6r,2.0,20
dqcnfk5z,dqcnc78q,1.0,20
dqcnfk5z,dqcnc0y3,2.0,20
dqcp1rx0,dqcnc7bc,2.0,20
dqcp1rx0,dqcp1z6r,2.0,20
dqcp1rx0,dqcp1rzr,2.0,20
dqcp1yv9,dqcng06w,2.0,20
dqcp1yv9,dqcnf3uz,2.0,20
dqcp1yv9,dqcnc7bc,2.0,20
dqcp1yv9,dqcp1ys8,2.0,20
dqcp1yv9,dqcp4kgx,1.0,20
dqcp1yv9,dqcncf6c,1.0,20
dqcp1yv9,dqcnfffs,2.0,20
dqcp1yv9,dqcncx6x,1.0,20
dqcnctbb,dqcng06w,2.0,20
dqcnctbb,dqcncdq7,2.0,20
dqcne6ct,dqcne4gy,2.0,20
dqcne6ct,dqcng06w,2.0,20
dqcne6ct,dqcp1rzr,2.0,20
dqcne6ct,dqcnfffs,2.0,20
dqcngjkj,dqcnf6cj,2.0,20
dqcngjkj,dqcnf3uz,1.0,20
dqcngjkj,dqcp4kgx,2.0,20
dqcngjkj,dqcnc78q,2.0,20
dqcngjkj,dqcncf6c,1.0,20
dqcngjkj,dqcng4te,2.0,20
dqcngjkj,dqcnfqc3,2.0,20
dqcner94,dqcnenmf,1.0,20
dqcnf6cj,dqcnf3uz,1.0,20
dqcnf6cj,dqcnfffs,2.0,20
dqcnf6cj,dqcng4te,2.0,20
dqcnf6cj,dqcnc0gn,2.0,20
dqcnf6cj,dqcn9xvx,2.0,20
dqcnf6cj,dqcp1gxv,2.0,20
dqcnf6cj,dqcn9r0y,2.0,20
dqcncfq5,dqcnc6tb,2.0,20
dqcncfq5,dqcp1z6r,2.0,20
dqcne4gy,dqcnc0y3,2.0,20
dqcne4gy,dqcnfffs,1.0,20
dqcng06w,dqcnc6tb,2.0,20
dqcng06w,dqcp4kgx,2.0,20
dqcng06w,dqcnc78q,2.0,20
dqcng06w,dqcnc0y3,2.0,20
dqcng06w,dqcp1rzr,2.0,20
dqcng06w,dqcn9xvx,2.0,20
dqcnf3uz,dqcp1ys8,2.0,20
dqcnf3uz,dqcng4te,2.0,20
dqcnf3uz,dqcnfqc3,2.0,20
dqcnf3uz,dqcn9r0y,2.0,20
dqcnc6tb,dqcp1z6r,2.0,20
dqcnc6tb,dqcnc0y3,2.0,20
dqcnc6tb,dqcnfqc3,2.0,20
dqcnc6tb,dqcne1qu,2.0,20
dqcnc6tb,dqcn9xvx,1.0,20
dqcnc6tb,dqcp1gxv,2.0,20
dqcnc6tb,dqcnenmf,1.0,20
dqcnc7bc,dqcp1z6r,2.0,20
dqcnc7bc,dqcnfffs,2.0,20
dqcp1z6r,dqcp1ys8,2.0,20
dqcp1z6r,dqcp4kgx,2.0,20
dqcncdq7,dqcncwc5,2.0,20
dqcncdq7,dqcnenmf,2.0,20
dqcp1ys8,dqcp4kgx,1.0,20
dqcp1ys8,dqcnc78q,2.0,20
dqcp1ys8,dqcnc0y3,2.0,20
dqcp1ys8,dqcnfqc3,2.0,20
dqcp4kgx,dqcn9xvx,2.0,20
dqcp4kgx,dqcp1gxv,2.0,20
dqcnc78q,dqcp1rzr,2.0,20
dqcnc78q,dqcnfqc3,2.0,20
dqcnc78q,dqcp1wg8,2.0,20
dqcnf794,dqcnc0y3,2.0,20
dqcnf794,dqcp1rzr,1.0,20
dqcnf794,dqcnfffs,2.0,20
dqcncwc5,dqcn9r0y,2.0,20
dqcnc0y3,dqcnfffs,2.0,20
dqcnc0y3,dqcnc0gn,2.0,20
dqcnc0y3,dqcnfqc3,2.0,20
dqcnc0y3,dqcncx6x,1.0,20
dqcp1rzr,dqcnc0gn,2.0,20
dqcnfffs,dqcng4te,2.0,20
dqcnfffs,dqcnc0gn,2.0,20
dqcnfffs,dqcn9xvx,2.0,20
dqcnfffs,dqcp1wg8,2.0,20
dqcng4te,dqcn9xvx,2.0,20
dqcng4te,dqcnenmf,1.0,20
dqcnc0gn,dqcnfqc3,2.0,20
dqcnc0gn,dqcn9xvx,1.0,20
dqcn9xvx,dqcn9r0y,2.0,20
dqcp1wg8,dqcp1gxv,2.0,20
dqcp1wg8,dqcn9r0y,2.0,20
dqcp176g,dqcnc7hq,2.0,21
dqcp176g,dqcp1ys8,1.0,21
dqcp176g,dqcnc78q,2.0,21
dqcp176g,dqcn9xvx,2.0,21
dqcnc7hq,dqcngjkj,2.0,21
dqcnc7hq,dqcnf3uz,1.0,21
dqcnc7hq,dqcnc78q,2.0,21
dqcnc7hq,dqcnc0y3,2.0,21
dqcnc7hq,dqcn9xvx,2.0,21
dqcnc29k,dqcnctbb,2.0,21
dqcnc29k,dqcp4kgx,2.0,21
dqcnc29k,dqcnc78q,2.0,21
dqcnc29k,dqcn9r0y,1.0,21
dqcngqhc,dqcne4gy,2.0,21
dqcngqhc,dqcnfqc3,2.0,21
dqcngqhc,dqcne1qu,2.0,21
dqcnbbdq,dqcncvkb,1.0,21
dqcnbbdq,dqcncf4c,1.0,21
dqcncsjm,dqcng43b,2.0,21
dqcncsjm,dqcnfpuz,2.0,21
dqcncsjm,dqcncvkb,2.0,21
dqcncsjm,dqcnfk5z,1.0,21
dqcncsjm,dqcp1rx0,2.0,21
dqcncsjm,dqcp1yv9,2.0,21
dqcncsjm,dqcne4gy,2.0,21
dqcncsjm,dqcng4te,2.0,21
dqcncsjm,dqcne1qu,2.0,21
dqcnbchm,dqcncu6f,1.0,21
dqcnbchm,dqcnfk5z,1.0,21
dqcng43b,dqcp1yv9,2.0,21
dqcng43b,dqcngjkj,2.0,21
dqcng43b,dqcnc78q,2.0,21
dqcng43b,dqcng4te,2.0,21
dqcng43b,dqcne1qu,2.0,21
dqcng43b,dqcn9xvx,2.0,21
dqcng43b,dqcp1wg8,1.0,21
dqcnfpuz,dqcncu6f,2.0,21
dqcnfpuz,dqcncvkb,1.0,21
dqcnfpuz,dqcngjkj,2.0,21
dqcnfpuz,dqcng06w,2.0,21
dqcnfpuz,dqcnc78q,2.0,21
dqcnfpuz,dqcnc0y3,2.0,21
dqcnfpuz,dqcp1rzr,2.0,21
dqcnfpuz,dqcng4te,2.0,21
dqcnfpuz,dqcnfqc3,2.0,21
dqcp473c,dqcncvkb,1.0,21
dqcp473c,dqcp1rx0,1.0,21
dqcncu6f,dqcnfk5z,2.0,21
dqcncu6f,dqcnf3uz,2.0,21
dqcncvkb,dqcnfk5z,2.0,21
dqcncvkb,dqcp1yv9,1.0,21
dqcncvkb,dqcncfq5,2.0,21
dqcncvkb,dqcne4gy,2.0,21
dqcncvkb,dqcnc6tb,2.0,21
dqcncvkb,dqcnc78q,2.0,21
dqcncvkb,dqcn9xvx,1.0,21
dqcnfk5z,dqcp1yv9,2.0,21
dqcnfk5z,dqcncf4c,1.0,21
dqcnfk5z,dqcnf6cj,2.0,21
dqcnfk5z,dqcne4gy,1.0,21
dqcnfk5z,dqcp1z6r,2.0,21
dqcnfk5z,dqcnc78q,1.0,21
dqcnfk5z,dqcnc0y3,2.0,21
dqcp1rx0,dqcnc7bc,2.0,21
dqcp1rx0,dqcp1z6r,2.0,21
dqcp1rx0,dqcp1rzr,2.0,21
dqcp1yv9,dqcng06w,2.0,21
dqcp1yv9,dqcnf3uz,2.0,21
dqcp1yv9,dqcnc7bc,2.0,21
dqcp1yv9,dqcp1ys8,2.0,21
dqcp1yv9,dqcp4kgx,1.0,21
dqcp1yv9,dqcncf6c,1.0,21
dqcp1yv9,dqcnfffs,2.0,21
dqcp1yv9,dqcncx6x,1.0,21
dqcnctbb,dqcng06w,2.0,21
dqcnctbb,dqcncdq7,2.0,21
dqcne6ct,dqcne4gy,2.0,21
dqcne6ct,dqcng06w,2.0,21
dqcne6ct,dqcp1rzr,2.0,21
dqcne6ct,dqcnfffs,2.0,21
dqcngjkj,dqcnf6cj,2.0,21
dqcngjkj,dqcnf3uz,1.0,21
dqcngjkj,dqcp4kgx,2.0,21
dqcngjkj,dqcnc78q,2.0,21
dqcngjkj,dqcncf6c,1.0,21
dqcngjkj,dqcng4te,2.0,21
dqcngjkj,dqcnfqc3,2.0,21
dqcner94,dqcnenmf,1.0,21
dqcnf6cj,dqcnf3uz,1.0,21
dqcnf6cj,dqcnfffs,2.0,21
dqcnf6cj,dqcng4te,2.0,21
dqcnf6cj,dqcnc0gn,2.0,21
dqcnf6cj,dqcn9xvx,2.0,21
dqcnf6cj,dqcp1gxv,2.0,21
dqcnf6cj,dqcn9r0y,2.0,21
dqcncfq5,dqcnc6tb,2.0,21
dqcncfq5,dqcp1z6r,2.0,21
dqcne4gy,dqcnc0y3,2.0,21
dqcne4gy,dqcnfffs,1.0,21
dqcng06w,dqcnc6tb,2.0,21
dqcng06w,dqcp4kgx,2.0,21
dqcng06w,dqcnc78q,2.0,21
dqcng06w,dqcnc0y3,2.0,21
dqcng06w,dqcp1rzr,2.0,21
dqcng06w,dqcn9xvx,2.0,21
dqcnf3uz,dqcp1ys8,2.0,21
dqcnf3uz,dqcng4te,2.0,21
dqcnf3uz,dqcnfqc3,2.0,21
dqcnf3uz,dqcn9r0y,2.0,21
dqcnc6tb,dqcp1z6r,2.0,21
dqcnc6tb,dqcnc0y3,2.0,21
dqcnc6tb,dqcnfqc3,2.0,21
dqcnc6tb,dqcne1qu,2.0,21
dqcnc6tb,dqcn9xvx,1.0,21
dqcnc6tb,dqcp1gxv,2.0,21
dqcnc6tb,dqcnenmf,1.0,21
dqcnc7bc,dqcp1z6r,2.0,21
dqcnc7bc,dqcnfffs,2.0,21
dqcp1z6r,dqcp1ys8,2.0,21
dqcp1z6r,dqcp4kgx,2.0,21
dqcncdq7,dqcncwc5,2.0,21
dqcncdq7,dqcnenmf,2.0,21
dqcp1ys8,dqcp4kgx,1.0,21
dqcp1ys8,dqcnc78q,2.0,21
dqcp1ys8,dqcnc0y3,2.0,21
dqcp1ys8,dqcnfqc3,2.0,21
dqcp4kgx,dqcn9xvx,2.0,21
dqcp4kgx,dqcp1gxv,2.0,21
dqcnc78q,dqcp1rzr,2.0,21
dqcnc78q,dqcnfqc3,2.0,21
dqcnc78q,dqcp1wg8,2.0,21
dqcnf794,dqcnc0y3,2.0,21
dqcnf794,dqcp1rzr,1.0,21
dqcnf794,dqcnfffs,2.0,21
dqcncwc5,dqcn9r0y,2.0,21
dqcnc0y3,dqcnfffs,2.0,21
dqcnc0y3,dqcnc0gn,2.0,21
dqcnc0y3,dqcnfqc3,2.0,21
dqcnc0y3,dqcncx6x,1.0,21
dqcp1rzr,dqcnc0gn,2.0,21
dqcnfffs,dqcng4te,2.0,21
dqcnfffs,dqcnc0gn,2.0,21
dqcnfffs,dqcn9xvx,2.0,21
dqcnfffs,dqcp1wg8,2.0,21
dqcng4te,dqcn9xvx,2.0,21
dqcng4te,dqcnenmf,1.0,21
dqcnc0gn,dqcnfqc3,2.0,21
dqcnc0gn,dqcn9xvx,1.0,21
dqcn9xvx,dqcn9r0y,2.0,21
dqcp1wg8,dqcp1gxv,2.0,21
dqcp1wg8,dqcn9r0y,2.0,21
dqcp176g,dqcnc7hq,2.0,22
dqcp176g,dqcp1ys8,1.0,22
dqcp176g,dqcnc78q,2.0,22
dqcp176g,dqcn9xvx,2.0,22
dqcnc7hq,dqcngjkj,2.0,22
dqcnc7hq,dqcnf3uz,1.0,22
dqcnc7hq,dqcnc78q,2.0,22
dqcnc7hq,dqcnc0y3,2.0,22
dqcnc7hq,dqcn9xvx,2.0,22
dqcnc29k,dqcnctbb,2.0,22
dqcnc29k,dqcp4kgx,2.0,22
dqcnc29k,dqcnc78q,2.0,22
dqcnc29k,dqcn9r0y,1.0,22
dqcngqhc,dqcne4gy,2.0,22
dqcngqhc,dqcnfqc3,2.0,22
dqcngqhc,dqcne1qu,2.0,22
dqcnbbdq,dqcncvkb,1.0,22
dqcnbbdq,dqcncf4c,1.0,22
dqcncsjm,dqcng43b,2.0,22
dqcncsjm,dqcnfpuz,2.0,22
dqcncsjm,dqcncvkb,2.0,22
dqcncsjm,dqcnfk5z,1.0,22
dqcncsjm,dqcp1rx0,2.0,22
dqcncsjm,dqcp1yv9,2.0,22
dqcncsjm,dqcne4gy,2.0,22
dqcncsjm,dqcng4te,2.0,22
dqcncsjm,dqcne1qu,2.0,22
dqcnbchm,dqcncu6f,1.0,22
dqcnbchm,dqcnfk5z,1.0,22
dqcng43b,dqcp1yv9,2.0,22
dqcng43b,dqcngjkj,2.0,22
dqcng43b,dqcnc78q,2.0,22
dqcng43b,dqcng4te,2.0,22
dqcng43b,dqcne1qu,2.0,22
dqcng43b,dqcn9xvx,2.0,22
dqcng43b,dqcp1wg8,1.0,22
dqcnfpuz,dqcncu6f,2.0,22
dqcnfpuz,dqcncvkb,1.0,22
dqcnfpuz,dqcngjkj,2.0,22
dqcnfpuz,dqcng06w,2.0,22
dqcnfpuz,dqcnc78q,2.0,22
dqcnfpuz,dqcnc0y3,2.0,22
dqcnfpuz,dqcp1rzr,2.0,22
dqcnfpuz,dqcng4te,2.0,22
dqcnfpuz,dqcnfqc3,2.0,22
dqcp473c,dqcncvkb,1.0,22
dqcp473c,dqcp1rx0,1.0,22
dqcncu6f,dqcnfk5z,2.0,22
dqcncu6f,dqcnf3uz,2.0,22
dqcncvkb,dqcnfk5z,2.0,22
dqcncvkb,dqcp1yv9,1.0,22
dqcncvkb,dqcncfq5,2.0,22
dqcncvkb,dqcne4gy,2.0,22
dqcncvkb,dqcnc6tb,2.0,22
dqcncvkb,dqcnc78q,2.0,22
dqcncvkb,dqcn9xvx,1.0,22
dqcnfk5z,dqcp1yv9,2.0,22
dqcnfk5z,dqcncf4c,1.0,22
dqcnfk5z,dqcnf6cj,2.0,22
dqcnfk5z,dqcne4gy,1.0,22
dqcnfk5z,dqcp1z6r,2.0,22
dqcnfk5z,dqcnc78q,1.0,22
dqcnfk5z,dqcnc0y3,2.0,22
dqcp1rx0,dqcnc7bc,2.0,22
dqcp1rx0,dqcp1z6r,2.0,22
dqcp1rx0,dqcp1rzr,2.0,22
dqcp1yv9,dqcng06w,2.0,22
dqcp1yv9,dqcnf3uz,2.0,22
dqcp1yv9,dqcnc7bc,2.0,22
dqcp1yv9,dqcp1ys8,2.0,22
dqcp1yv9,dqcp4kgx,1.0,22
dqcp1yv9,dqcncf6c,1.0,22
dqcp1yv9,dqcnfffs,2.0,22
dqcp1yv9,dqcncx6x,1.0,22
dqcnctbb,dqcng06w,2.0,22
dqcnctbb,dqcncdq7,2.0,22
dqcne6ct,dqcne4gy,2.0,22
dqcne6ct,dqcng06w,2.0,22
dqcne6ct,dqcp1rzr,2.0,22
dqcne6ct,dqcnfffs,2.0,22
dqcngjkj,dqcnf6cj,2.0,22
dqcngjkj,dqcnf3uz,1.0,22
dqcngjkj,dqcp4kgx,2.0,22
dqcngjkj,dqcnc78q,2.0,22
dqcngjkj,dqcncf6c,1.0,22
dqcngjkj,dqcng4te,2.0,22
dqcngjkj,dqcnfqc3,2.0,22
dqcner94,dqcnenmf,1.0,22
dqcnf6cj,dqcnf3uz,1.0,22
dqcnf6cj,dqcnfffs,2.0,22
dqcnf6cj,dqcng4te,2.0,22
dqcnf6cj,dqcnc0gn,2.0,22
dqcnf6cj,dqcn9xvx,2.0,22
dqcnf6cj,dqcp1gxv,2.0,22
dqcnf6cj,dqcn9r0y,2.0,22
dqcncfq5,dqcnc6tb,2.0,22
dqcncfq5,dqcp1z6r,2.0,22
dqcne4gy,dqcnc0y3,2.0,22
dqcne4gy,dqcnfffs,1.0,22
dqcng06w,dqcnc6tb,2.0,22
dqcng06w,dqcp4kgx,2.0,22
dqcng06w,dqcnc78q,2.0,22
dqcng06w,dqcnc0y3,2.0,22
dqcng06w,dqcp1rzr,2.0,22
dqcng06w,dqcn9xvx,2.0,22
dqcnf3uz,dqcp1ys8,2.0,22
dqcnf3uz,dqcng4te,2.0,22
dqcnf3uz,dqcnfqc3,2.0,22
dqcnf3uz,dqcn9r0y,2.0,22
dqcnc6tb,dqcp1z6r,2.0,22
dqcnc6tb,dqcnc0y3,2.0,22
dqcnc6tb,dqcnfqc3,2.0,22
dqcnc6tb,dqcne1qu,2.0,22
dqcnc6tb,dqcn9xvx,1.0,22
dqcnc6tb,dqcp1gxv,2.0,22
dqcnc6tb,dqcnenmf,1.0,22
dqcnc7bc,dqcp1z6r,2.0,22
dqcnc7bc,dqcnfffs,2.0,22
dqcp1z6r,dqcp1ys8,2.0,22
dqcp1z6r,dqcp4kgx,2.0,22
dqcncdq7,dqcncwc5,2.0,22
dqcncdq7,dqcnenmf,2.0,22
dqcp1ys8,dqcp4kgx,1.0,22
dqcp1ys8,dqcnc78q,2.0,22
dqcp1ys8,dqcnc0y3,2.0,22
dqcp1ys8,dqcnfqc3,2.0,22
dqcp4kgx,dqcn9xvx,2.0,22
dqcp4kgx,dqcp1gxv,2.0,22
dqcnc78q,dqcp1rzr,2.0,22
dqcnc78q,dqcnfqc3,2.0,22
dqcnc78q,dqcp1wg8,2.0,22
dqcnf794,dqcnc0y3,2.0,22
dqcnf794,dqcp1rzr,1.0,22
dqcnf794,dqcnfffs,2.0,22
dqcncwc5,dqcn9r0y,2.0,22
dqcnc0y3,dqcnfffs,2.0,22
dqcnc0y3,dqcnc0gn,2.0,22
dqcnc0y3,dqcnfqc3,2.0,22
dqcnc0y3,dqcncx6x,1.0,22
dqcp1rzr,dqcnc0gn,2.0,22
dqcnfffs,dqcng4te,2.0,22
dqcnfffs,dqcnc0gn,2.0,22
dqcnfffs,dqcn9xvx,2.0,22
dqcnfffs,dqcp1wg8,2.0,22
dqcng4te,dqcn9xvx,2.0,22
dqcng4te,dqcnenmf,1.0,22
dqcnc0gn,dqcnfqc3,2.0,22
dqcnc0gn,dqcn9xvx,1.0,22
dqcn9xvx,dqcn9r0y,2.0,22
dqcp1wg8,dqcp1gxv,2.0,22
dqcp1wg8,dqcn9r0y,2.0,22
dqcp176g,dqcnc7hq,2.0,23
dqcp176g,dqcp1ys8,1.0,23
dqcp176g,dqcnc78q,2.0,23
dqcp176g,dqcn9xvx,2.0,23
dqcnc7hq,dqcngjkj,2.0,23
dqcnc7hq,dqcnf3uz,1.0,23
dqcnc7hq,dqcnc78q,2.0,23
dqcnc7hq,dqcnc0y3,2.0,23
dqcnc7hq,dqcn9xvx,2.0,23
dqcnc29k,dqcnctbb,2.0,23
dqcnc29k,dqcp4kgx,2.0,23
dqcnc29k,dqcnc78q,2.0,23
dqcnc29k,dqcn9r0y,1.0,23
dqcngqhc,dqcne4gy,2.0,23
dqcngqhc,dqcnfqc3,2.0,23
dqcngqhc,dqcne1qu,2.0,23
dqcnbbdq,dqcncvkb,1.0,23
dqcnbbdq,dqcncf4c,1.0,23
dqcncsjm,dqcng43b,2.0,23
dqcncsjm,dqcnfpuz,2.0,23
dqcncsjm,dqcncvkb,2.0,23
dqcncsjm,dqcnfk5z,1.0,23
dqcncsjm,dqcp1rx0,2.0,23
dqcncsjm,dqcp1yv9,2.0,23
dqcncsjm,dqcne4gy,2.0,23
dqcncsjm,dqcng4te,2.0,23
dqcncsjm,dqcne1qu,2.0,23
dqcnbchm,dqcncu6f,1.0,23
dqcnbchm,dqcnfk5z,1.0,23
dqcng43b,dqcp1yv9,2.0,23
dqcng43b,dqcngjkj,2.0,23
dqcng43b,dqcnc78q,2.0,23
dqcng43b,dqcng4te,2.0,23
dqcng43b,dqcne1qu,2.0,23
dqcng43b,dqcn9xvx,2.0,23
dqcng43b,dqcp1wg8,1.0,23
dqcnfpuz,dqcncu6f,2.0,23
dqcnfpuz,dqcncvkb,1.0,23
dqcnfpuz,dqcngjkj,2.0,23
dqcnfpuz,dqcng06w,2.0,23
dqcnfpuz,dqcnc78q,2.0,23
dqcnfpuz,dqcnc0y3,2.0,23
dqcnfpuz,dqcp1rzr,2.0,23
dqcnfpuz,dqcng4te,2.0,23
dqcnfpuz,dqcnfqc3,2.0,23
dqcp473c,dqcncvkb,1.0,23
dqcp473c,dqcp1rx0,1.0,23
dqcncu6f,dqcnfk5z,2.0,23
dqcncu6f,dqcnf3uz,2.0,23
dqcncvkb,dqcnfk5z,2.0,23
dqcncvkb,dqcp1yv9,1.0,23
dqcncvkb,dqcncfq5,2.0,23
dqcncvkb,dqcne4gy,2.0,23
dqcncvkb,dqcnc6tb,2.0,23
dqcncvkb,dqcnc78q,2.0,23
dqcncvkb,dqcn9xvx,1.0,23
dqcnfk5z,dqcp1yv9,2.0,23
dqcnfk5z,dqcncf4c,1.0,23
dqcnfk5z,dqcnf6cj,2.0,23
dqcnfk5z,dqcne4gy,1.0,23
dqcnfk5z,dqcp1z6r,2.0,23
dqcnfk5z,dqcnc78q,1.0,23
dqcnfk5z,dqcnc0y3,2.0,23
dqcp1rx0,dqcnc7bc,2.0,23
dqcp1rx0,dqcp1z6r,2.0,23
dqcp1rx0,dqcp1rzr,2.0,23
dqcp1yv9,dqcng06w,2.0,23
dqcp1yv9,dqcnf3uz,2.0,23
dqcp1yv9,dqcnc7bc,2.0,23
dqcp1yv9,dqcp1ys8,2.0,23
dqcp1yv9,dqcp4kgx,1.0,23
dqcp1yv9,dqcncf6c,1.0,23
dqcp1yv9,dqcnfffs,2.0,23
dqcp1yv9,dqcncx6x,1.0,23
dqcnctbb,dqcng06w,2.0,23
dqcnctbb,dqcncdq7,2.0,23
dqcne6ct,dqcne4gy,2.0,23
dqcne6ct,dqcng06w,2.0,23
dqcne6ct,dqcp1rzr,2.0,23
dqcne6ct,dqcnfffs,2.0,23
dqcngjkj,dqcnf6cj,2.0,23
dqcngjkj,dqcnf3uz,1.0,23
dqcngjkj,dqcp4kgx,2.0,23
dqcngjkj,dqcnc78q,2.0,23
dqcngjkj,dqcncf6c,1.0,23
dqcngjkj,dqcng4te,2.0,23
dqcngjkj,dqcnfqc3,2.0,23
dqcner94,dqcnenmf,1.0,23
dqcnf6cj,dqcnf3uz,1.0,23
dqcnf6cj,dqcnfffs,2.0,23
dqcnf6cj,dqcng4te,2.0,23
dqcnf6cj,dqcnc0gn,2.0,23
dqcnf6cj,dqcn9xvx,2.0,23
dqcnf6cj,dqcp1gxv,2.0,23
dqcnf6cj,dqcn9r0y,2.0,23
dqcncfq5,dqcnc6tb,2.0,23
dqcncfq5,dqcp1z6r,2.0,23
dqcne4gy,dqcnc0y3,2.0,23
dqcne4gy,dqcnfffs,1.0,23
dqcng06w,dqcnc6tb,2.0,23
dqcng06w,dqcp4kgx,2.0,23
dqcng06w,dqcnc78q,2.0,23
dqcng06w,dqcnc0y3,2.0,23
dqcng06w,dqcp1rzr,2.0,23
dqcng06w,dqcn9xvx,2.0,23
dqcnf3uz,dqcp1ys8,2.0,23
dqcnf3uz,dqcng4te,2.0,23
dqcnf3uz,dqcnfqc3,2.0,23
dqcnf3uz,dqcn9r0y,2.0,23
dqcnc6tb,dqcp1z6r,2.0,23
dqcnc6tb,dqcnc0y3,2.0,23
dqcnc6tb,dqcnfqc3,2.0,23
dqcnc6tb,dqcne1qu,2.0,23
dqcnc6tb,dqcn9xvx,1.0,23
dqcnc6tb,dqcp1gxv,2.0,23
dqcnc6tb,dqcnenmf,1.0,23
dqcnc7bc,dqcp1z6r,2.0,23
dqcnc7bc,dqcnc78q,2.0,23
dqcnc7bc,dqcnfffs,2.0,23
dqcp1z6r,dqcp1ys8,2.0,23
dqcp1z6r,dqcp4kgx,2.0,23
dqcncdq7,dqcncwc5,2.0,23
dqcncdq7,dqcnenmf,2.0,23
dqcp1ys8,dqcp4kgx,1.0,23
dqcp1ys8,dqcnc78q,2.0,23
dqcp1ys8,dqcnc0y3,2.0,23
dqcp1ys8,dqcnfqc3,2.0,23
dqcp4kgx,dqcn9xvx,2.0,23
dqcp4kgx,dqcp1gxv,2.0,23
dqcnc78q,dqcp1rzr,2.0,23
dqcnc78q,dqcnfqc3,2.0,23
dqcnc78q,dqcp1wg8,2.0,23
dqcnf794,dqcnc0y3,2.0,23
dqcnf794,dqcp1rzr,1.0,23
dqcnf794,dqcnfffs,2.0,23
dqcncwc5,dqcn9r0y,2.0,23
dqcnc0y3,dqcnfffs,2.0,23
dqcnc0y3,dqcnc0gn,2.0,23
dqcnc0y3,dqcnfqc3,2.0,23
dqcnc0y3,dqcncx6x,1.0,23
dqcp1rzr,dqcnc0gn,2.0,23
dqcnfffs,dqcng4te,2.0,23
dqcnfffs,dqcnc0gn,2.0,23
dqcnfffs,dqcn9xvx,2.0,23
dqcnfffs,dqcp1wg8,2.0,23
dqcng4te,dqcn9xvx,2.0,23
dqcng4te,dqcnenmf,1.0,23
dqcnc0gn,dqcnfqc3,2.0,23
dqcnc0gn,dqcn9xvx,1.0,23
dqcn9xvx,dqcn9r0y,2.0,23
dqcp1wg8,dqcp1gxv,2.0,23
dqcp1wg8,dqcn9r0y,2.0,23
