time_step,dimension,dimension_name,household_id,p_self_value
1,1,repair,1,0.0
1,0,vacant,1,0.0
1,2,sell,1,0.0
1,1,repair,2,0.0
1,0,vacant,2,0.0
1,2,sell,2,0.0
1,1,repair,3,0.0
1,0,vacant,3,0.0
1,2,sell,3,0.0
1,1,repair,4,0.0
1,0,vacant,4,0.0
1,2,sell,4,0.0
1,1,repair,5,0.0
1,0,vacant,5,0.0
1,2,sell,5,0.0
1,1,repair,6,0.0
1,0,vacant,6,0.0
1,2,sell,6,0.0
1,1,repair,7,0.0
1,0,vacant,7,0.0
1,2,sell,7,0.0
1,1,repair,8,0.0
1,0,vacant,8,0.0
1,2,sell,8,0.0
1,0,vacant,9,0.14510527168603185
1,2,sell,9,0.18992874862110415
1,1,repair,10,0.0
1,0,vacant,10,0.11588671171002865
1,2,sell,10,0.15579844582628746
1,1,repair,11,0.0
1,0,vacant,11,0.0
1,2,sell,11,0.0
1,1,repair,12,0.0
1,0,vacant,12,0.0
1,2,sell,12,0.0
1,1,repair,13,0.11462262337235565
1,0,vacant,13,0.0
1,2,sell,13,0.0
1,1,repair,14,0.0
1,0,vacant,14,0.0
1,2,sell,14,0.0
1,0,vacant,15,0.0
1,2,sell,15,0.0
1,1,repair,16,0.0
1,0,vacant,16,0.0
1,2,sell,16,0.0
1,1,repair,17,0.0
1,0,vacant,17,0.0
1,2,sell,17,0.0
1,1,repair,18,0.11521016608942128
1,0,vacant,18,0.0
1,2,sell,18,0.0
1,1,repair,19,0.0
1,0,vacant,19,0.0
1,2,sell,19,0.0
1,1,repair,20,0.0
1,0,vacant,20,0.0
1,2,sell,20,0.0
1,1,repair,21,0.0
1,0,vacant,21,0.0
1,2,sell,21,0.0
1,1,repair,22,0.0
1,0,vacant,22,0.0
1,2,sell,22,0.0
1,1,repair,23,0.0
1,0,vacant,23,0.0
1,2,sell,23,0.0
1,1,repair,24,0.0
1,0,vacant,24,0.0
1,2,sell,24,0.0
1,1,repair,25,0.0
1,0,vacant,25,0.0
1,2,sell,25,0.0
1,1,repair,26,0.0
1,0,vacant,26,0.0
1,2,sell,26,0.0
1,1,repair,27,0.0
1,0,vacant,27,0.0
1,2,sell,27,0.0
1,1,repair,28,0.0
1,0,vacant,28,0.0
1,2,sell,28,0.0
1,1,repair,29,0.0
1,0,vacant,29,0.0
1,2,sell,29,0.0
1,1,repair,30,0.0
1,0,vacant,30,0.0
1,2,sell,30,0.0
1,1,repair,31,0.0
1,0,vacant,31,0.0
1,2,sell,31,0.0
1,1,repair,32,0.0
1,0,vacant,32,0.0
1,2,sell,32,0.0
1,1,repair,33,0.0
1,0,vacant,33,0.0
1,2,sell,33,0.0
1,1,repair,34,0.0
1,0,vacant,34,0.0
1,2,sell,34,0.0
1,1,repair,35,0.25619396497934027
1,0,vacant,35,0.295177620243102
1,1,repair,36,0.10247867156271019
1,0,vacant,36,0.0
1,2,sell,36,0.0
1,1,repair,37,0.0
1,0,vacant,37,0.0
1,2,sell,37,0.0
1,1,repair,38,0.0
1,0,vacant,38,0.0
1,2,sell,38,0.0
1,1,repair,39,0.0
1,0,vacant,39,0.0
1,2,sell,39,0.0
1,1,repair,40,0.0
1,0,vacant,40,0.0
1,2,sell,40,0.0
1,1,repair,41,0.0
1,0,vacant,41,0.0
1,2,sell,41,0.0
1,1,repair,42,0.0
1,0,vacant,42,0.0
1,2,sell,42,0.0
1,1,repair,43,0.0
1,0,vacant,43,0.14772504187880442
1,2,sell,43,0.16203225298307986
1,1,repair,44,0.0
1,0,vacant,44,0.0
1,2,sell,44,0.0
1,1,repair,45,0.17417566176257177
1,2,sell,45,0.10613280518555078
1,1,repair,46,0.0
1,0,vacant,46,0.0
1,2,sell,46,0.0
1,1,repair,47,0.0
1,0,vacant,47,0.0
1,2,sell,47,0.0
1,1,repair,48,0.0
1,0,vacant,48,0.0
1,2,sell,48,0.0
1,1,repair,49,0.0
1,0,vacant,49,0.0
1,2,sell,49,0.0
1,1,repair,50,0.0
1,0,vacant,50,0.0
1,2,sell,50,0.0
2,1,repair,1,0.0
2,0,vacant,1,0.0
2,2,sell,1,0.0
2,1,repair,2,0.0
2,0,vacant,2,0.0
2,2,sell,2,0.0
2,1,repair,3,0.0
2,0,vacant,3,0.0
2,2,sell,3,0.0
2,1,repair,4,0.0
2,0,vacant,4,0.0
2,2,sell,4,0.0
2,1,repair,5,0.0
2,0,vacant,5,0.0
2,2,sell,5,0.0
2,1,repair,6,0.0
2,0,vacant,6,0.0
2,2,sell,6,0.0
2,1,repair,7,0.0
2,0,vacant,7,0.0
2,2,sell,7,0.0
2,1,repair,8,0.0
2,0,vacant,8,0.0
2,2,sell,8,0.0
2,0,vacant,9,0.14510527168603185
2,2,sell,9,0.18992874862110415
2,1,repair,10,0.0
2,0,vacant,10,0.11588671171002865
2,2,sell,10,0.15579844582628746
2,1,repair,11,0.0
2,0,vacant,11,0.0
2,2,sell,11,0.0
2,1,repair,12,0.0
2,0,vacant,12,0.0
2,2,sell,12,0.0
2,1,repair,13,0.11462262337235565
2,0,vacant,13,0.0
2,2,sell,13,0.0
2,1,repair,14,0.0
2,0,vacant,14,0.0
2,2,sell,14,0.0
2,0,vacant,15,0.0
2,2,sell,15,0.0
2,1,repair,16,0.0
2,0,vacant,16,0.0
2,2,sell,16,0.0
2,1,repair,17,0.0
2,0,vacant,17,0.0
2,2,sell,17,0.0
2,1,repair,18,0.11521016608942128
2,0,vacant,18,0.0
2,2,sell,18,0.0
2,1,repair,19,0.0
2,0,vacant,19,0.0
2,2,sell,19,0.0
2,1,repair,20,0.0
2,0,vacant,20,0.0
2,2,sell,20,0.0
2,1,repair,21,0.0
2,0,vacant,21,0.0
2,2,sell,21,0.0
2,1,repair,22,0.0
2,0,vacant,22,0.0
2,2,sell,22,0.0
2,1,repair,23,0.0
2,0,vacant,23,0.0
2,2,sell,23,0.0
2,1,repair,24,0.0
2,0,vacant,24,0.0
2,2,sell,24,0.0
2,1,repair,25,0.0
2,0,vacant,25,0.0
2,2,sell,25,0.0
2,1,repair,26,0.0
2,0,vacant,26,0.0
2,2,sell,26,0.0
2,1,repair,27,0.0
2,0,vacant,27,0.0
2,2,sell,27,0.0
2,1,repair,28,0.0
2,0,vacant,28,0.0
2,2,sell,28,0.0
2,1,repair,29,0.0
2,0,vacant,29,0.0
2,2,sell,29,0.0
2,1,repair,30,0.0
2,0,vacant,30,0.0
2,2,sell,30,0.0
2,1,repair,31,0.0
2,0,vacant,31,0.0
2,2,sell,31,0.0
2,1,repair,32,0.0
2,0,vacant,32,0.0
2,2,sell,32,0.0
2,1,repair,33,0.0
2,0,vacant,33,0.0
2,2,sell,33,0.0
2,1,repair,34,0.0
2,0,vacant,34,0.0
2,2,sell,34,0.0
2,1,repair,35,0.25619396497934027
2,0,vacant,35,0.295177620243102
2,1,repair,36,0.10247867156271019
2,0,vacant,36,0.0
2,2,sell,36,0.0
2,1,repair,37,0.0
2,0,vacant,37,0.0
2,2,sell,37,0.0
2,1,repair,38,0.0
2,0,vacant,38,0.0
2,2,sell,38,0.0
2,1,repair,39,0.0
2,0,vacant,39,0.0
2,2,sell,39,0.0
2,1,repair,40,0.0
2,0,vacant,40,0.0
2,2,sell,40,0.0
2,1,repair,41,0.0
2,0,vacant,41,0.0
2,2,sell,41,0.0
2,1,repair,42,0.0
2,0,vacant,42,0.0
2,2,sell,42,0.0
2,1,repair,43,0.0
2,0,vacant,43,0.14772504187880442
2,2,sell,43,0.16203225298307986
2,1,repair,44,0.0
2,0,vacant,44,0.0
2,2,sell,44,0.0
2,1,repair,45,0.17417566176257177
2,2,sell,45,0.10613280518555078
2,1,repair,46,0.0
2,0,vacant,46,0.0
2,2,sell,46,0.0
2,1,repair,47,0.0
2,0,vacant,47,0.0
2,2,sell,47,0.0
2,1,repair,48,0.0
2,0,vacant,48,0.0
2,2,sell,48,0.0
2,1,repair,49,0.0
2,0,vacant,49,0.0
2,2,sell,49,0.0
2,1,repair,50,0.0
2,0,vacant,50,0.0
2,2,sell,50,0.0
3,1,repair,1,0.0
3,0,vacant,1,0.0
3,2,sell,1,0.0
3,1,repair,2,0.0
3,0,vacant,2,0.0
3,2,sell,2,0.0
3,1,repair,3,0.0
3,0,vacant,3,0.0
3,2,sell,3,0.0
3,1,repair,4,0.0
3,0,vacant,4,0.0
3,2,sell,4,0.0
3,1,repair,5,0.0
3,0,vacant,5,0.0
3,2,sell,5,0.0
3,1,repair,6,0.0
3,0,vacant,6,0.0
3,2,sell,6,0.0
3,1,repair,7,0.0
3,0,vacant,7,0.0
3,2,sell,7,0.0
3,1,repair,8,0.0
3,0,vacant,8,0.0
3,2,sell,8,0.0
3,0,vacant,9,0.14510527168603185
3,2,sell,9,0.18992874862110415
3,1,repair,10,0.0
3,0,vacant,10,0.11588671171002865
3,2,sell,10,0.15579844582628746
3,1,repair,11,0.0
3,0,vacant,11,0.0
3,2,sell,11,0.0
3,1,repair,12,0.0
3,0,vacant,12,0.0
3,2,sell,12,0.0
3,1,repair,13,0.11462262337235565
3,0,vacant,13,0.0
3,2,sell,13,0.0
3,1,repair,14,0.0
3,0,vacant,14,0.0
3,2,sell,14,0.0
3,0,vacant,15,0.0
3,2,sell,15,0.0
3,1,repair,16,0.0
3,0,vacant,16,0.0
3,2,sell,16,0.0
3,1,repair,17,0.0
3,0,vacant,17,0.0
3,2,sell,17,0.0
3,1,repair,18,0.11521016608942128
3,0,vacant,18,0.0
3,2,sell,18,0.0
3,1,repair,19,0.0
3,0,vacant,19,0.0
3,2,sell,19,0.0
3,1,repair,20,0.0
3,0,vacant,20,0.0
3,2,sell,20,0.0
3,1,repair,21,0.0
3,0,vacant,21,0.0
3,2,sell,21,0.0
3,1,repair,22,0.0
3,0,vacant,22,0.0
3,2,sell,22,0.0
3,1,repair,23,0.0
3,0,vacant,23,0.0
3,2,sell,23,0.0
3,1,repair,24,0.0
3,0,vacant,24,0.0
3,2,sell,24,0.0
3,1,repair,25,0.0
3,0,vacant,25,0.0
3,2,sell,25,0.0
3,1,repair,26,0.0
3,0,vacant,26,0.0
3,2,sell,26,0.0
3,1,repair,27,0.0
3,0,vacant,27,0.0
3,2,sell,27,0.0
3,1,repair,28,0.0
3,0,vacant,28,0.0
3,2,sell,28,0.0
3,1,repair,29,0.0
3,0,vacant,29,0.0
3,2,sell,29,0.0
3,1,repair,30,0.0
3,0,vacant,30,0.0
3,2,sell,30,0.0
3,1,repair,31,0.0
3,0,vacant,31,0.0
3,2,sell,31,0.0
3,1,repair,32,0.0
3,0,vacant,32,0.0
3,2,sell,32,0.0
3,1,repair,33,0.0
3,0,vacant,33,0.0
3,2,sell,33,0.0
3,1,repair,34,0.0
3,0,vacant,34,0.0
3,2,sell,34,0.0
3,1,repair,35,0.25619396497934027
3,0,vacant,35,0.295177620243102
3,1,repair,36,0.10247867156271019
3,0,vacant,36,0.0
3,2,sell,36,0.0
3,1,repair,37,0.0
3,0,vacant,37,0.0
3,2,sell,37,0.0
3,1,repair,38,0.0
3,0,vacant,38,0.0
3,2,sell,38,0.0
3,1,repair,39,0.0
3,0,vacant,39,0.0
3,2,sell,39,0.0
3,1,repair,40,0.0
3,0,vacant,40,0.0
3,2,sell,40,0.0
3,1,repair,41,0.0
3,0,vacant,41,0.0
3,2,sell,41,0.0
3,1,repair,42,0.0
3,0,vacant,42,0.0
3,2,sell,42,0.0
3,1,repair,43,0.0
3,0,vacant,43,0.14772504187880442
3,2,sell,43,0.16203225298307986
3,1,repair,44,0.0
3,0,vacant,44,0.0
3,2,sell,44,0.0
3,1,repair,45,0.17417566176257177
3,2,sell,45,0.10613280518555078
3,1,repair,46,0.0
3,0,vacant,46,0.0
3,2,sell,46,0.0
3,1,repair,47,0.0
3,0,vacant,47,0.0
3,2,sell,47,0.0
3,1,repair,48,0.0
3,0,vacant,48,0.0
3,2,sell,48,0.0
3,1,repair,49,0.0
3,0,vacant,49,0.0
3,2,sell,49,0.0
3,1,repair,50,0.0
3,0,vacant,50,0.0
3,2,sell,50,0.0
4,1,repair,1,0.0
4,0,vacant,1,0.0
4,2,sell,1,0.0
4,1,repair,2,0.0
4,0,vacant,2,0.0
4,2,sell,2,0.0
4,1,repair,3,0.0
4,0,vacant,3,0.0
4,2,sell,3,0.0
4,1,repair,4,0.0
4,0,vacant,4,0.0
4,2,sell,4,0.0
4,1,repair,5,0.0
4,0,vacant,5,0.0
4,2,sell,5,0.0
4,1,repair,6,0.0
4,0,vacant,6,0.0
4,2,sell,6,0.0
4,1,repair,7,0.0
4,0,vacant,7,0.0
4,2,sell,7,0.0
4,1,repair,8,0.0
4,0,vacant,8,0.0
4,2,sell,8,0.0
4,0,vacant,9,0.14510527168603185
4,2,sell,9,0.18992874862110415
4,1,repair,10,0.0
4,0,vacant,10,0.11588671171002865
4,2,sell,10,0.15579844582628746
4,1,repair,11,0.0
4,0,vacant,11,0.0
4,2,sell,11,0.0
4,1,repair,12,0.0
4,0,vacant,12,0.0
4,2,sell,12,0.0
4,1,repair,13,0.11462262337235565
4,0,vacant,13,0.0
4,2,sell,13,0.0
4,1,repair,14,0.0
4,0,vacant,14,0.0
4,2,sell,14,0.0
4,0,vacant,15,0.0
4,2,sell,15,0.0
4,1,repair,16,0.0
4,0,vacant,16,0.0
4,2,sell,16,0.0
4,1,repair,17,0.0
4,0,vacant,17,0.0
4,2,sell,17,0.0
4,1,repair,18,0.11521016608942128
4,0,vacant,18,0.0
4,2,sell,18,0.0
4,1,repair,19,0.0
4,0,vacant,19,0.0
4,2,sell,19,0.0
4,1,repair,20,0.0
4,0,vacant,20,0.0
4,2,sell,20,0.0
4,1,repair,21,0.0
4,0,vacant,21,0.0
4,2,sell,21,0.0
4,1,repair,22,0.0
4,0,vacant,22,0.0
4,2,sell,22,0.0
4,1,repair,23,0.0
4,0,vacant,23,0.0
4,2,sell,23,0.0
4,1,repair,24,0.0
4,0,vacant,24,0.0
4,2,sell,24,0.0
4,1,repair,25,0.0
4,0,vacant,25,0.0
4,2,sell,25,0.0
4,1,repair,26,0.0
4,0,vacant,26,0.0
4,2,sell,26,0.0
4,1,repair,27,0.0
4,0,vacant,27,0.0
4,2,sell,27,0.0
4,1,repair,28,0.0
4,0,vacant,28,0.0
4,2,sell,28,0.0
4,1,repair,29,0.0
4,0,vacant,29,0.0
4,2,sell,29,0.0
4,1,repair,30,0.0
4,0,vacant,30,0.0
4,2,sell,30,0.0
4,1,repair,31,0.0
4,0,vacant,31,0.0
4,2,sell,31,0.0
4,1,repair,32,0.0
4,0,vacant,32,0.0
4,2,sell,32,0.0
4,1,repair,33,0.0
4,0,vacant,33,0.0
4,2,sell,33,0.0
4,1,repair,34,0.0
4,0,vacant,34,0.0
4,2,sell,34,0.0
4,0,vacant,35,0.295177620243102
4,1,repair,36,0.10247867156271019
4,0,vacant,36,0.0
4,2,sell,36,0.0
4,1,repair,37,0.0
4,0,vacant,37,0.0
4,2,sell,37,0.0
4,1,repair,38,0.0
4,0,vacant,38,0.0
4,2,sell,38,0.0
4,1,repair,39,0.0
4,0,vacant,39,0.0
4,2,sell,39,0.0
4,1,repair,40,0.0
4,0,vacant,40,0.0
4,2,sell,40,0.0
4,1,repair,41,0.0
4,0,vacant,41,0.0
4,2,sell,41,0.0
4,1,repair,42,0.0
4,0,vacant,42,0.0
4,2,sell,42,0.0
4,1,repair,43,0.0
4,0,vacant,43,0.14772504187880442
4,2,sell,43,0.16203225298307986
4,1,repair,44,0.0
4,0,vacant,44,0.0
4,2,sell,44,0.0
4,1,repair,45,0.17417566176257177
4,2,sell,45,0.10613280518555078
4,1,repair,46,0.0
4,0,vacant,46,0.0
4,2,sell,46,0.0
4,1,repair,47,0.0
4,0,vacant,47,0.0
4,2,sell,47,0.0
4,1,repair,48,0.0
4,0,vacant,48,0.0
4,2,sell,48,0.0
4,1,repair,49,0.0
4,0,vacant,49,0.0
4,2,sell,49,0.0
4,1,repair,50,0.0
4,0,vacant,50,0.0
4,2,sell,50,0.0
5,1,repair,1,0.0
5,0,vacant,1,0.0
5,2,sell,1,0.0
5,1,repair,2,0.0
5,0,vacant,2,0.0
5,2,sell,2,0.0
5,1,repair,3,0.0
5,0,vacant,3,0.0
5,2,sell,3,0.0
5,1,repair,4,0.0
5,0,vacant,4,0.0
5,2,sell,4,0.0
5,1,repair,5,0.0
5,0,vacant,5,0.0
5,2,sell,5,0.0
5,1,repair,6,0.0
5,0,vacant,6,0.0
5,2,sell,6,0.0
5,1,repair,7,0.0
5,0,vacant,7,0.0
5,2,sell,7,0.0
5,1,repair,8,0.0
5,0,vacant,8,0.0
5,2,sell,8,0.0
5,0,vacant,9,0.14510527168603185
5,2,sell,9,0.18992874862110415
5,1,repair,10,0.0
5,0,vacant,10,0.11588671171002865
5,2,sell,10,0.15579844582628746
5,1,repair,11,0.0
5,0,vacant,11,0.0
5,2,sell,11,0.0
5,1,repair,12,0.0
5,0,vacant,12,0.0
5,2,sell,12,0.0
5,1,repair,13,0.11462262337235565
5,0,vacant,13,0.0
5,2,sell,13,0.0
5,1,repair,14,0.0
5,0,vacant,14,0.0
5,2,sell,14,0.0
5,0,vacant,15,0.0
5,2,sell,15,0.0
5,1,repair,16,0.0
5,0,vacant,16,0.0
5,2,sell,16,0.0
5,1,repair,17,0.0
5,0,vacant,17,0.0
5,2,sell,17,0.0
5,1,repair,18,0.11521016608942128
5,0,vacant,18,0.0
5,2,sell,18,0.0
5,1,repair,19,0.0
5,0,vacant,19,0.0
5,2,sell,19,0.0
5,1,repair,20,0.0
5,0,vacant,20,0.0
5,2,sell,20,0.0
5,1,repair,21,0.0
5,0,vacant,21,0.0
5,2,sell,21,0.0
5,1,repair,22,0.0
5,0,vacant,22,0.0
5,2,sell,22,0.0
5,1,repair,23,0.0
5,0,vacant,23,0.0
5,2,sell,23,0.0
5,1,repair,24,0.0
5,0,vacant,24,0.0
5,2,sell,24,0.0
5,1,repair,25,0.0
5,0,vacant,25,0.0
5,2,sell,25,0.0
5,1,repair,26,0.0
5,0,vacant,26,0.0
5,2,sell,26,0.0
5,1,repair,27,0.0
5,0,vacant,27,0.0
5,2,sell,27,0.0
5,1,repair,28,0.0
5,0,vacant,28,0.0
5,2,sell,28,0.0
5,1,repair,29,0.0
5,0,vacant,29,0.0
5,2,sell,29,0.0
5,1,repair,30,0.0
5,0,vacant,30,0.0
5,2,sell,30,0.0
5,1,repair,31,0.0
5,0,vacant,31,0.0
5,2,sell,31,0.0
5,1,repair,32,0.0
5,0,vacant,32,0.0
5,2,sell,32,0.0
5,1,repair,33,0.0
5,0,vacant,33,0.0
5,2,sell,33,0.0
5,1,repair,34,0.0
5,0,vacant,34,0.0
5,2,sell,34,0.0
5,0,vacant,35,0.295177620243102
5,1,repair,36,0.10247867156271019
5,0,vacant,36,0.0
5,2,sell,36,0.0
5,1,repair,37,0.0
5,0,vacant,37,0.0
5,2,sell,37,0.0
5,0,vacant,38,0.0
5,2,sell,38,0.0
5,1,repair,39,0.0
5,0,vacant,39,0.0
5,2,sell,39,0.0
5,0,vacant,40,0.0
5,2,sell,40,0.0
5,1,repair,41,0.0
5,0,vacant,41,0.0
5,2,sell,41,0.0
5,1,repair,42,0.0
5,0,vacant,42,0.0
5,2,sell,42,0.0
5,1,repair,43,0.0
5,0,vacant,43,0.14772504187880442
5,2,sell,43,0.16203225298307986
5,1,repair,44,0.0
5,0,vacant,44,0.0
5,2,sell,44,0.0
5,1,repair,45,0.17417566176257177
5,2,sell,45,0.10613280518555078
5,1,repair,46,0.0
5,0,vacant,46,0.0
5,2,sell,46,0.0
5,1,repair,47,0.0
5,0,vacant,47,0.0
5,2,sell,47,0.0
5,1,repair,48,0.0
5,0,vacant,48,0.0
5,2,sell,48,0.0
5,1,repair,49,0.0
5,0,vacant,49,0.0
5,2,sell,49,0.0
5,1,repair,50,0.0
5,0,vacant,50,0.0
5,2,sell,50,0.0
6,1,repair,1,0.0
6,0,vacant,1,0.0
6,2,sell,1,0.0
6,1,repair,2,0.0
6,0,vacant,2,0.0
6,2,sell,2,0.0
6,1,repair,3,0.0
6,0,vacant,3,0.0
6,2,sell,3,0.0
6,0,vacant,4,0.0
6,2,sell,4,0.0
6,1,repair,5,0.0
6,0,vacant,5,0.0
6,2,sell,5,0.0
6,1,repair,6,0.0
6,0,vacant,6,0.0
6,2,sell,6,0.0
6,1,repair,7,0.0
6,0,vacant,7,0.0
6,2,sell,7,0.0
6,1,repair,8,0.0
6,0,vacant,8,0.0
6,2,sell,8,0.0
6,0,vacant,9,0.14510527168603185
6,2,sell,9,0.18992874862110415
6,1,repair,10,0.0
6,0,vacant,10,0.11588671171002865
6,2,sell,10,0.15579844582628746
6,1,repair,11,0.0
6,0,vacant,11,0.0
6,2,sell,11,0.0
6,1,repair,12,0.0
6,0,vacant,12,0.0
6,2,sell,12,0.0
6,1,repair,13,0.11462262337235565
6,0,vacant,13,0.0
6,2,sell,13,0.0
6,1,repair,14,0.0
6,0,vacant,14,0.0
6,2,sell,14,0.0
6,0,vacant,15,0.0
6,2,sell,15,0.0
6,1,repair,16,0.0
6,0,vacant,16,0.0
6,2,sell,16,0.0
6,1,repair,17,0.0
6,0,vacant,17,0.0
6,2,sell,17,0.0
6,1,repair,18,0.11521016608942128
6,0,vacant,18,0.0
6,2,sell,18,0.0
6,1,repair,19,0.0
6,0,vacant,19,0.0
6,2,sell,19,0.0
6,1,repair,20,0.0
6,0,vacant,20,0.0
6,2,sell,20,0.0
6,1,repair,21,0.0
6,0,vacant,21,0.0
6,2,sell,21,0.0
6,1,repair,22,0.0
6,0,vacant,22,0.0
6,2,sell,22,0.0
6,1,repair,23,0.0
6,0,vacant,23,0.0
6,2,sell,23,0.0
6,1,repair,24,0.0
6,0,vacant,24,0.0
6,2,sell,24,0.0
6,1,repair,25,0.0
6,0,vacant,25,0.0
6,2,sell,25,0.0
6,1,repair,26,0.0
6,0,vacant,26,0.0
6,2,sell,26,0.0
6,1,repair,27,0.0
6,0,vacant,27,0.0
6,2,sell,27,0.0
6,1,repair,28,0.0
6,0,vacant,28,0.0
6,2,sell,28,0.0
6,1,repair,29,0.0
6,0,vacant,29,0.0
6,2,sell,29,0.0
6,1,repair,30,0.0
6,0,vacant,30,0.0
6,2,sell,30,0.0
6,0,vacant,31,0.0
6,2,sell,31,0.0
6,1,repair,32,0.0
6,0,vacant,32,0.0
6,2,sell,32,0.0
6,1,repair,33,0.0
6,0,vacant,33,0.0
6,2,sell,33,0.0
6,1,repair,34,0.0
6,0,vacant,34,0.0
6,2,sell,34,0.0
6,0,vacant,35,0.295177620243102
6,1,repair,36,0.10247867156271019
6,0,vacant,36,0.0
6,2,sell,36,0.0
6,1,repair,37,0.0
6,0,vacant,37,0.0
6,2,sell,37,0.0
6,0,vacant,38,0.0
6,2,sell,38,0.0
6,1,repair,39,0.0
6,0,vacant,39,0.0
6,2,sell,39,0.0
6,0,vacant,40,0.0
6,2,sell,40,0.0
6,1,repair,41,0.0
6,0,vacant,41,0.0
6,2,sell,41,0.0
6,1,repair,42,0.0
6,0,vacant,42,0.0
6,2,sell,42,0.0
6,1,repair,43,0.0
6,0,vacant,43,0.14772504187880442
6,2,sell,43,0.16203225298307986
6,1,repair,44,0.0
6,0,vacant,44,0.0
6,2,sell,44,0.0
6,1,repair,45,0.17417566176257177
6,2,sell,45,0.10613280518555078
6,1,repair,46,0.0
6,0,vacant,46,0.0
6,2,sell,46,0.0
6,1,repair,47,0.0
6,0,vacant,47,0.0
6,2,sell,47,0.0
6,1,repair,48,0.0
6,0,vacant,48,0.0
6,2,sell,48,0.0
6,1,repair,49,0.0
6,0,vacant,49,0.0
6,2,sell,49,0.0
6,1,repair,50,0.0
6,0,vacant,50,0.0
6,2,sell,50,0.0
7,1,repair,1,0.0
7,0,vacant,1,0.0
7,2,sell,1,0.0
7,1,repair,2,0.0
7,0,vacant,2,0.0
7,2,sell,2,0.0
7,1,repair,3,0.0
7,0,vacant,3,0.0
7,2,sell,3,0.0
7,0,vacant,4,0.0
7,2,sell,4,0.0
7,1,repair,5,0.0
7,0,vacant,5,0.0
7,2,sell,5,0.0
7,1,repair,6,0.0
7,0,vacant,6,0.0
7,2,sell,6,0.0
7,1,repair,7,0.0
7,0,vacant,7,0.0
7,2,sell,7,0.0
7,1,repair,8,0.0
7,0,vacant,8,0.0
7,2,sell,8,0.0
7,0,vacant,9,0.14510527168603185
7,2,sell,9,0.18992874862110415
7,1,repair,10,0.0
7,0,vacant,10,0.11588671171002865
7,2,sell,10,0.15579844582628746
7,1,repair,11,0.0
7,0,vacant,11,0.0
7,2,sell,11,0.0
7,1,repair,12,0.0
7,0,vacant,12,0.0
7,2,sell,12,0.0
7,1,repair,13,0.11462262337235565
7,0,vacant,13,0.0
7,2,sell,13,0.0
7,1,repair,14,0.0
7,0,vacant,14,0.0
7,2,sell,14,0.0
7,0,vacant,15,0.0
7,2,sell,15,0.0
7,1,repair,16,0.0
7,0,vacant,16,0.0
7,2,sell,16,0.0
7,1,repair,17,0.0
7,0,vacant,17,0.0
7,2,sell,17,0.0
7,1,repair,18,0.11521016608942128
7,0,vacant,18,0.0
7,2,sell,18,0.0
7,1,repair,19,0.0
7,0,vacant,19,0.0
7,2,sell,19,0.0
7,1,repair,20,0.0
7,0,vacant,20,0.0
7,2,sell,20,0.0
7,1,repair,21,0.0
7,0,vacant,21,0.0
7,2,sell,21,0.0
7,1,repair,22,0.0
7,0,vacant,22,0.0
7,2,sell,22,0.0
7,1,repair,23,0.0
7,0,vacant,23,0.0
7,2,sell,23,0.0
7,1,repair,24,0.0
7,0,vacant,24,0.0
7,2,sell,24,0.0
7,1,repair,25,0.0
7,0,vacant,25,0.0
7,2,sell,25,0.0
7,1,repair,26,0.0
7,0,vacant,26,0.0
7,2,sell,26,0.0
7,1,repair,27,0.0
7,0,vacant,27,0.0
7,2,sell,27,0.0
7,1,repair,28,0.0
7,0,vacant,28,0.0
7,2,sell,28,0.0
7,1,repair,29,0.0
7,0,vacant,29,0.0
7,2,sell,29,0.0
7,1,repair,30,0.0
7,0,vacant,30,0.0
7,2,sell,30,0.0
7,0,vacant,31,0.0
7,2,sell,31,0.0
7,1,repair,32,0.0
7,0,vacant,32,0.0
7,2,sell,32,0.0
7,1,repair,33,0.0
7,0,vacant,33,0.0
7,2,sell,33,0.0
7,1,repair,34,0.0
7,0,vacant,34,0.0
7,2,sell,34,0.0
7,0,vacant,35,0.295177620243102
7,1,repair,36,0.10247867156271019
7,0,vacant,36,0.0
7,2,sell,36,0.0
7,1,repair,37,0.0
7,0,vacant,37,0.0
7,2,sell,37,0.0
7,0,vacant,38,0.0
7,2,sell,38,0.0
7,1,repair,39,0.0
7,0,vacant,39,0.0
7,2,sell,39,0.0
7,0,vacant,40,0.0
7,2,sell,40,0.0
7,1,repair,41,0.0
7,0,vacant,41,0.0
7,2,sell,41,0.0
7,1,repair,42,0.0
7,0,vacant,42,0.0
7,2,sell,42,0.0
7,1,repair,43,0.0
7,0,vacant,43,0.14772504187880442
7,2,sell,43,0.16203225298307986
7,1,repair,44,0.0
7,0,vacant,44,0.0
7,2,sell,44,0.0
7,1,repair,45,0.17417566176257177
7,2,sell,45,0.10613280518555078
7,1,repair,46,0.0
7,0,vacant,46,0.0
7,2,sell,46,0.0
7,1,repair,47,0.0
7,0,vacant,47,0.0
7,2,sell,47,0.0
7,1,repair,48,0.0
7,0,vacant,48,0.0
7,2,sell,48,0.0
7,1,repair,49,0.0
7,0,vacant,49,0.0
7,2,sell,49,0.0
7,1,repair,50,0.0
7,0,vacant,50,0.0
7,2,sell,50,0.0
8,1,repair,1,0.0
8,0,vacant,1,0.0
8,2,sell,1,0.0
8,1,repair,2,0.0
8,0,vacant,2,0.0
8,2,sell,2,0.0
8,1,repair,3,0.0
8,0,vacant,3,0.0
8,2,sell,3,0.0
8,0,vacant,4,0.0
8,2,sell,4,0.0
8,1,repair,5,0.0
8,0,vacant,5,0.0
8,2,sell,5,0.0
8,1,repair,6,0.0
8,0,vacant,6,0.0
8,2,sell,6,0.0
8,1,repair,7,0.0
8,0,vacant,7,0.0
8,2,sell,7,0.0
8,0,vacant,8,0.0
8,2,sell,8,0.0
8,0,vacant,9,0.14510527168603185
8,2,sell,9,0.18992874862110415
8,1,repair,10,0.0
8,0,vacant,10,0.11588671171002865
8,2,sell,10,0.15579844582628746
8,1,repair,11,0.0
8,0,vacant,11,0.0
8,2,sell,11,0.0
8,1,repair,12,0.0
8,0,vacant,12,0.0
8,2,sell,12,0.0
8,1,repair,13,0.11462262337235565
8,0,vacant,13,0.0
8,2,sell,13,0.0
8,1,repair,14,0.0
8,0,vacant,14,0.0
8,2,sell,14,0.0
8,0,vacant,15,0.0
8,2,sell,15,0.0
8,1,repair,16,0.0
8,0,vacant,16,0.0
8,2,sell,16,0.0
8,1,repair,17,0.0
8,0,vacant,17,0.0
8,2,sell,17,0.0
8,1,repair,18,0.11521016608942128
8,0,vacant,18,0.0
8,2,sell,18,0.0
8,1,repair,19,0.0
8,0,vacant,19,0.0
8,2,sell,19,0.0
8,0,vacant,20,0.0
8,2,sell,20,0.0
8,1,repair,21,0.0
8,0,vacant,21,0.0
8,2,sell,21,0.0
8,1,repair,22,0.0
8,0,vacant,22,0.0
8,2,sell,22,0.0
8,1,repair,23,0.0
8,0,vacant,23,0.0
8,2,sell,23,0.0
8,1,repair,24,0.0
8,0,vacant,24,0.0
8,2,sell,24,0.0
8,1,repair,25,0.0
8,0,vacant,25,0.0
8,2,sell,25,0.0
8,1,repair,26,0.0
8,0,vacant,26,0.0
8,2,sell,26,0.0
8,1,repair,27,0.0
8,0,vacant,27,0.0
8,2,sell,27,0.0
8,1,repair,28,0.0
8,0,vacant,28,0.0
8,2,sell,28,0.0
8,1,repair,29,0.0
8,0,vacant,29,0.0
8,2,sell,29,0.0
8,1,repair,30,0.0
8,0,vacant,30,0.0
8,2,sell,30,0.0
8,0,vacant,31,0.0
8,2,sell,31,0.0
8,1,repair,32,0.0
8,0,vacant,32,0.0
8,2,sell,32,0.0
8,1,repair,33,0.0
8,0,vacant,33,0.0
8,2,sell,33,0.0
8,1,repair,34,0.0
8,0,vacant,34,0.0
8,2,sell,34,0.0
8,1,repair,36,0.10247867156271019
8,0,vacant,36,0.0
8,2,sell,36,0.0
8,1,repair,37,0.0
8,0,vacant,37,0.0
8,2,sell,37,0.0
8,0,vacant,38,0.0
8,2,sell,38,0.0
8,1,repair,39,0.0
8,0,vacant,39,0.0
8,2,sell,39,0.0
8,0,vacant,40,0.0
8,2,sell,40,0.0
8,1,repair,41,0.0
8,0,vacant,41,0.0
8,2,sell,41,0.0
8,1,repair,42,0.0
8,0,vacant,42,0.0
8,2,sell,42,0.0
8,1,repair,43,0.0
8,0,vacant,43,0.14772504187880442
8,2,sell,43,0.16203225298307986
8,1,repair,44,0.0
8,0,vacant,44,0.0
8,2,sell,44,0.0
8,1,repair,45,0.17417566176257177
8,2,sell,45,0.10613280518555078
8,1,repair,46,0.0
8,0,vacant,46,0.0
8,2,sell,46,0.0
8,1,repair,47,0.0
8,0,vacant,47,0.0
8,2,sell,47,0.0
8,1,repair,48,0.0
8,0,vacant,48,0.0
8,2,sell,48,0.0
8,1,repair,49,0.0
8,0,vacant,49,0.0
8,2,sell,49,0.0
8,1,repair,50,0.0
8,0,vacant,50,0.0
8,2,sell,50,0.0
9,0,vacant,1,0.0
9,2,sell,1,0.0
9,1,repair,2,0.0
9,0,vacant,2,0.0
9,2,sell,2,0.0
9,1,repair,3,0.0
9,0,vacant,3,0.0
9,2,sell,3,0.0
9,0,vacant,4,0.0
9,2,sell,4,0.0
9,1,repair,5,0.0
9,0,vacant,5,0.0
9,2,sell,5,0.0
9,1,repair,6,0.0
9,0,vacant,6,0.0
9,2,sell,6,0.0
9,1,repair,7,0.0
9,0,vacant,7,0.0
9,2,sell,7,0.0
9,0,vacant,8,0.0
9,2,sell,8,0.0
9,0,vacant,9,0.14510527168603185
9,2,sell,9,0.18992874862110415
9,1,repair,10,0.0
9,0,vacant,10,0.11588671171002865
9,2,sell,10,0.15579844582628746
9,1,repair,11,0.0
9,0,vacant,11,0.0
9,2,sell,11,0.0
9,1,repair,12,0.0
9,0,vacant,12,0.0
9,2,sell,12,0.0
9,1,repair,13,0.11462262337235565
9,0,vacant,13,0.0
9,2,sell,13,0.0
9,1,repair,14,0.0
9,0,vacant,14,0.0
9,2,sell,14,0.0
9,0,vacant,15,0.0
9,2,sell,15,0.0
9,1,repair,16,0.0
9,0,vacant,16,0.0
9,2,sell,16,0.0
9,1,repair,17,0.0
9,0,vacant,17,0.0
9,2,sell,17,0.0
9,0,vacant,18,0.0
9,2,sell,18,0.0
9,1,repair,19,0.0
9,0,vacant,19,0.0
9,2,sell,19,0.0
9,0,vacant,20,0.0
9,2,sell,20,0.0
9,1,repair,21,0.0
9,0,vacant,21,0.0
9,2,sell,21,0.0
9,1,repair,22,0.0
9,0,vacant,22,0.0
9,2,sell,22,0.0
9,1,repair,23,0.0
9,0,vacant,23,0.0
9,2,sell,23,0.0
9,1,repair,24,0.0
9,0,vacant,24,0.0
9,2,sell,24,0.0
9,1,repair,25,0.0
9,0,vacant,25,0.0
9,2,sell,25,0.0
9,1,repair,26,0.0
9,0,vacant,26,0.0
9,2,sell,26,0.0
9,1,repair,27,0.0
9,0,vacant,27,0.0
9,2,sell,27,0.0
9,1,repair,28,0.0
9,0,vacant,28,0.0
9,2,sell,28,0.0
9,0,vacant,29,0.0
9,2,sell,29,0.0
9,1,repair,30,0.0
9,0,vacant,30,0.0
9,2,sell,30,0.0
9,0,vacant,31,0.0
9,2,sell,31,0.0
9,1,repair,32,0.0
9,0,vacant,32,0.0
9,2,sell,32,0.0
9,1,repair,33,0.0
9,0,vacant,33,0.0
9,2,sell,33,0.0
9,1,repair,34,0.0
9,0,vacant,34,0.0
9,2,sell,34,0.0
9,1,repair,36,0.10247867156271019
9,0,vacant,36,0.0
9,2,sell,36,0.0
9,1,repair,37,0.0
9,0,vacant,37,0.0
9,2,sell,37,0.0
9,0,vacant,38,0.0
9,2,sell,38,0.0
9,1,repair,39,0.0
9,0,vacant,39,0.0
9,2,sell,39,0.0
9,0,vacant,40,0.0
9,2,sell,40,0.0
9,1,repair,41,0.0
9,0,vacant,41,0.0
9,2,sell,41,0.0
9,1,repair,42,0.0
9,0,vacant,42,0.0
9,2,sell,42,0.0
9,1,repair,43,0.0
9,0,vacant,43,0.14772504187880442
9,2,sell,43,0.16203225298307986
9,1,repair,44,0.0
9,0,vacant,44,0.0
9,2,sell,44,0.0
9,1,repair,45,0.17417566176257177
9,2,sell,45,0.10613280518555078
9,1,repair,46,0.0
9,0,vacant,46,0.0
9,2,sell,46,0.0
9,1,repair,47,0.0
9,0,vacant,47,0.0
9,2,sell,47,0.0
9,1,repair,48,0.0
9,0,vacant,48,0.0
9,2,sell,48,0.0
9,1,repair,49,0.0
9,0,vacant,49,0.0
9,2,sell,49,0.0
9,1,repair,50,0.0
9,0,vacant,50,0.0
9,2,sell,50,0.0
10,0,vacant,1,0.0
10,2,sell,1,0.0
10,1,repair,2,0.0
10,0,vacant,2,0.0
10,2,sell,2,0.0
10,1,repair,3,0.0
10,0,vacant,3,0.0
10,2,sell,3,0.0
10,0,vacant,4,0.0
10,2,sell,4,0.0
10,1,repair,5,0.0
10,0,vacant,5,0.0
10,2,sell,5,0.0
10,1,repair,6,0.0
10,0,vacant,6,0.0
10,2,sell,6,0.0
10,1,repair,7,0.0
10,0,vacant,7,0.0
10,2,sell,7,0.0
10,0,vacant,8,0.0
10,2,sell,8,0.0
10,0,vacant,9,0.14510527168603185
10,1,repair,10,0.0
10,0,vacant,10,0.11588671171002865
10,2,sell,10,0.15579844582628746
10,1,repair,11,0.0
10,0,vacant,11,0.0
10,2,sell,11,0.0
10,1,repair,12,0.0
10,0,vacant,12,0.0
10,2,sell,12,0.0
10,1,repair,13,0.11462262337235565
10,0,vacant,13,0.0
10,2,sell,13,0.0
10,1,repair,14,0.0
10,0,vacant,14,0.0
10,2,sell,14,0.0
10,0,vacant,15,0.0
10,2,sell,15,0.0
10,1,repair,16,0.0
10,0,vacant,16,0.0
10,2,sell,16,0.0
10,1,repair,17,0.0
10,0,vacant,17,0.0
10,2,sell,17,0.0
10,0,vacant,18,0.0
10,2,sell,18,0.0
10,1,repair,19,0.0
10,0,vacant,19,0.0
10,2,sell,19,0.0
10,0,vacant,20,0.0
10,2,sell,20,0.0
10,1,repair,21,0.0
10,0,vacant,21,0.0
10,2,sell,21,0.0
10,1,repair,22,0.0
10,0,vacant,22,0.0
10,2,sell,22,0.0
10,1,repair,23,0.0
10,0,vacant,23,0.0
10,2,sell,23,0.0
10,1,repair,24,0.0
10,0,vacant,24,0.0
10,2,sell,24,0.0
10,1,repair,25,0.0
10,0,vacant,25,0.0
10,2,sell,25,0.0
10,1,repair,26,0.0
10,0,vacant,26,0.0
10,2,sell,26,0.0
10,1,repair,27,0.0
10,0,vacant,27,0.0
10,2,sell,27,0.0
10,1,repair,28,0.0
10,0,vacant,28,0.0
10,2,sell,28,0.0
10,0,vacant,29,0.0
10,2,sell,29,0.0
10,1,repair,30,0.0
10,0,vacant,30,0.0
10,2,sell,30,0.0
10,0,vacant,31,0.0
10,2,sell,31,0.0
10,1,repair,32,0.0
10,0,vacant,32,0.0
10,2,sell,32,0.0
10,1,repair,33,0.0
10,0,vacant,33,0.0
10,2,sell,33,0.0
10,1,repair,34,0.0
10,0,vacant,34,0.0
10,2,sell,34,0.0
10,1,repair,36,0.10247867156271019
10,0,vacant,36,0.0
10,2,sell,36,0.0
10,1,repair,37,0.0
10,0,vacant,37,0.0
10,2,sell,37,0.0
10,0,vacant,38,0.0
10,2,sell,38,0.0
10,0,vacant,39,0.0
10,2,sell,39,0.0
10,0,vacant,40,0.0
10,2,sell,40,0.0
10,1,repair,41,0.0
10,0,vacant,41,0.0
10,2,sell,41,0.0
10,1,repair,42,0.0
10,0,vacant,42,0.0
10,2,sell,42,0.0
10,1,repair,43,0.0
10,0,vacant,43,0.14772504187880442
10,2,sell,43,0.16203225298307986
10,1,repair,44,0.0
10,0,vacant,44,0.0
10,2,sell,44,0.0
10,1,repair,45,0.17417566176257177
10,2,sell,45,0.10613280518555078
10,1,repair,46,0.0
10,0,vacant,46,0.0
10,2,sell,46,0.0
10,1,repair,47,0.0
10,0,vacant,47,0.0
10,2,sell,47,0.0
10,1,repair,48,0.0
10,0,vacant,48,0.0
10,2,sell,48,0.0
10,1,repair,49,0.0
10,0,vacant,49,0.0
10,2,sell,49,0.0
10,1,repair,50,0.0
10,0,vacant,50,0.0
10,2,sell,50,0.0
11,0,vacant,1,0.0
11,2,sell,1,0.0
11,1,repair,2,0.0
11,0,vacant,2,0.0
11,2,sell,2,0.0
11,1,repair,3,0.0
11,0,vacant,3,0.0
11,2,sell,3,0.0
11,0,vacant,4,0.0
11,2,sell,4,0.0
11,1,repair,5,0.0
11,0,vacant,5,0.0
11,2,sell,5,0.0
11,1,repair,6,0.0
11,0,vacant,6,0.0
11,2,sell,6,0.0
11,1,repair,7,0.0
11,0,vacant,7,0.0
11,2,sell,7,0.0
11,0,vacant,8,0.0
11,2,sell,8,0.0
11,0,vacant,9,0.14510527168603185
11,1,repair,10,0.0
11,2,sell,10,0.15579844582628746
11,0,vacant,11,0.0
11,2,sell,11,0.0
11,1,repair,12,0.0
11,0,vacant,12,0.0
11,2,sell,12,0.0
11,1,repair,13,0.11462262337235565
11,0,vacant,13,0.0
11,2,sell,13,0.0
11,1,repair,14,0.0
11,0,vacant,14,0.0
11,2,sell,14,0.0
11,0,vacant,15,0.0
11,2,sell,15,0.0
11,1,repair,16,0.0
11,0,vacant,16,0.0
11,2,sell,16,0.0
11,1,repair,17,0.0
11,0,vacant,17,0.0
11,2,sell,17,0.0
11,0,vacant,18,0.0
11,2,sell,18,0.0
11,1,repair,19,0.0
11,0,vacant,19,0.0
11,2,sell,19,0.0
11,0,vacant,20,0.0
11,2,sell,20,0.0
11,1,repair,21,0.0
11,0,vacant,21,0.0
11,2,sell,21,0.0
11,1,repair,22,0.0
11,0,vacant,22,0.0
11,2,sell,22,0.0
11,1,repair,23,0.0
11,0,vacant,23,0.0
11,2,sell,23,0.0
11,1,repair,24,0.0
11,0,vacant,24,0.0
11,2,sell,24,0.0
11,1,repair,25,0.0
11,0,vacant,25,0.0
11,2,sell,25,0.0
11,1,repair,26,0.0
11,0,vacant,26,0.0
11,2,sell,26,0.0
11,1,repair,27,0.0
11,0,vacant,27,0.0
11,2,sell,27,0.0
11,1,repair,28,0.0
11,0,vacant,28,0.0
11,2,sell,28,0.0
11,0,vacant,29,0.0
11,2,sell,29,0.0
11,1,repair,30,0.0
11,0,vacant,30,0.0
11,2,sell,30,0.0
11,0,vacant,31,0.0
11,2,sell,31,0.0
11,1,repair,32,0.0
11,0,vacant,32,0.0
11,2,sell,32,0.0
11,1,repair,33,0.0
11,0,vacant,33,0.0
11,2,sell,33,0.0
11,1,repair,34,0.0
11,0,vacant,34,0.0
11,2,sell,34,0.0
11,1,repair,36,0.10247867156271019
11,0,vacant,36,0.0
11,2,sell,36,0.0
11,1,repair,37,0.0
11,0,vacant,37,0.0
11,2,sell,37,0.0
11,0,vacant,38,0.0
11,2,sell,38,0.0
11,0,vacant,39,0.0
11,2,sell,39,0.0
11,0,vacant,40,0.0
11,2,sell,40,0.0
11,1,repair,41,0.0
11,0,vacant,41,0.0
11,2,sell,41,0.0
11,1,repair,42,0.0
11,0,vacant,42,0.0
11,2,sell,42,0.0
11,1,repair,43,0.0
11,1,repair,44,0.0
11,0,vacant,44,0.0
11,2,sell,44,0.0
11,1,repair,45,0.17417566176257177
11,2,sell,45,0.10613280518555078
11,1,repair,46,0.0
11,0,vacant,46,0.0
11,2,sell,46,0.0
11,1,repair,47,0.0
11,0,vacant,47,0.0
11,2,sell,47,0.0
11,1,repair,48,0.0
11,0,vacant,48,0.0
11,2,sell,48,0.0
11,1,repair,49,0.0
11,0,vacant,49,0.0
11,2,sell,49,0.0
11,1,repair,50,0.0
11,0,vacant,50,0.0
11,2,sell,50,0.0
12,0,vacant,1,0.0
12,2,sell,1,0.0
12,1,repair,2,0.0
12,0,vacant,2,0.0
12,2,sell,2,0.0
12,1,repair,3,0.0
12,0,vacant,3,0.0
12,2,sell,3,0.0
12,0,vacant,4,0.0
12,2,sell,4,0.0
12,0,vacant,5,0.0
12,2,sell,5,0.0
12,1,repair,6,0.0
12,0,vacant,6,0.0
12,2,sell,6,0.0
12,1,repair,7,0.0
12,0,vacant,7,0.0
12,2,sell,7,0.0
12,2,sell,8,0.0
12,0,vacant,9,0.14510527168603185
12,1,repair,10,0.0
12,2,sell,10,0.15579844582628746
12,0,vacant,11,0.0
12,2,sell,11,0.0
12,1,repair,12,0.0
12,0,vacant,12,0.0
12,2,sell,12,0.0
12,1,repair,13,0.11462262337235565
12,0,vacant,13,0.0
12,2,sell,13,0.0
12,1,repair,14,0.0
12,0,vacant,14,0.0
12,2,sell,14,0.0
12,0,vacant,15,0.0
12,2,sell,15,0.0
12,1,repair,16,0.0
12,0,vacant,16,0.0
12,2,sell,16,0.0
12,1,repair,17,0.0
12,0,vacant,17,0.0
12,2,sell,17,0.0
12,0,vacant,18,0.0
12,2,sell,18,0.0
12,1,repair,19,0.0
12,0,vacant,19,0.0
12,2,sell,19,0.0
12,0,vacant,20,0.0
12,2,sell,20,0.0
12,1,repair,21,0.0
12,0,vacant,21,0.0
12,2,sell,21,0.0
12,1,repair,22,0.0
12,0,vacant,22,0.0
12,2,sell,22,0.0
12,1,repair,23,0.0
12,0,vacant,23,0.0
12,2,sell,23,0.0
12,1,repair,24,0.0
12,0,vacant,24,0.0
12,2,sell,24,0.0
12,1,repair,25,0.0
12,0,vacant,25,0.0
12,2,sell,25,0.0
12,1,repair,26,0.0
12,0,vacant,26,0.0
12,2,sell,26,0.0
12,1,repair,27,0.0
12,0,vacant,27,0.0
12,2,sell,27,0.0
12,0,vacant,28,0.0
12,2,sell,28,0.0
12,0,vacant,29,0.0
12,2,sell,29,0.0
12,1,repair,30,0.0
12,0,vacant,30,0.0
12,2,sell,30,0.0
12,0,vacant,31,0.0
12,2,sell,31,0.0
12,1,repair,32,0.0
12,0,vacant,32,0.0
12,2,sell,32,0.0
12,1,repair,33,0.0
12,0,vacant,33,0.0
12,2,sell,33,0.0
12,1,repair,34,0.0
12,0,vacant,34,0.0
12,2,sell,34,0.0
12,1,repair,36,0.10247867156271019
12,0,vacant,36,0.0
12,2,sell,36,0.0
12,1,repair,37,0.0
12,0,vacant,37,0.0
12,2,sell,37,0.0
12,0,vacant,38,0.0
12,2,sell,38,0.0
12,0,vacant,39,0.0
12,2,sell,39,0.0
12,0,vacant,40,0.0
12,2,sell,40,0.0
12,1,repair,41,0.0
12,0,vacant,41,0.0
12,2,sell,41,0.0
12,1,repair,42,0.0
12,0,vacant,42,0.0
12,1,repair,43,0.0
12,1,repair,44,0.0
12,0,vacant,44,0.0
12,2,sell,44,0.0
12,1,repair,45,0.17417566176257177
12,1,repair,46,0.0
12,0,vacant,46,0.0
12,2,sell,46,0.0
12,1,repair,47,0.0
12,0,vacant,47,0.0
12,2,sell,47,0.0
12,1,repair,48,0.0
12,0,vacant,48,0.0
12,2,sell,48,0.0
12,1,repair,49,0.0
12,0,vacant,49,0.0
12,2,sell,49,0.0
12,1,repair,50,0.0
12,0,vacant,50,0.0
12,2,sell,50,0.0
13,0,vacant,1,0.0
13,2,sell,1,0.0
13,1,repair,2,0.0
13,0,vacant,2,0.0
13,2,sell,2,0.0
13,1,repair,3,0.0
13,0,vacant,3,0.0
13,2,sell,3,0.0
13,0,vacant,4,0.0
13,2,sell,4,0.0
13,0,vacant,5,0.0
13,2,sell,5,0.0
13,1,repair,6,0.0
13,0,vacant,6,0.0
13,2,sell,6,0.0
13,1,repair,7,0.0
13,0,vacant,7,0.0
13,2,sell,7,0.0
13,2,sell,8,0.0
13,0,vacant,9,0.14510527168603185
13,1,repair,10,0.0
13,2,sell,10,0.15579844582628746
13,0,vacant,11,0.0
13,2,sell,11,0.0
13,1,repair,12,0.0
13,0,vacant,12,0.0
13,2,sell,12,0.0
13,1,repair,13,0.11462262337235565
13,0,vacant,13,0.0
13,2,sell,13,0.0
13,1,repair,14,0.0
13,0,vacant,14,0.0
13,2,sell,14,0.0
13,0,vacant,15,0.0
13,2,sell,15,0.0
13,1,repair,16,0.0
13,0,vacant,16,0.0
13,2,sell,16,0.0
13,1,repair,17,0.0
13,0,vacant,17,0.0
13,2,sell,17,0.0
13,0,vacant,18,0.0
13,2,sell,18,0.0
13,1,repair,19,0.0
13,0,vacant,19,0.0
13,2,sell,19,0.0
13,0,vacant,20,0.0
13,2,sell,20,0.0
13,1,repair,21,0.0
13,0,vacant,21,0.0
13,2,sell,21,0.0
13,1,repair,22,0.0
13,0,vacant,22,0.0
13,2,sell,22,0.0
13,1,repair,23,0.0
13,0,vacant,23,0.0
13,2,sell,23,0.0
13,1,repair,24,0.0
13,0,vacant,24,0.0
13,2,sell,24,0.0
13,1,repair,25,0.0
13,0,vacant,25,0.0
13,2,sell,25,0.0
13,1,repair,26,0.0
13,0,vacant,26,0.0
13,2,sell,26,0.0
13,1,repair,27,0.0
13,0,vacant,27,0.0
13,2,sell,27,0.0
13,0,vacant,28,0.0
13,2,sell,28,0.0
13,0,vacant,29,0.0
13,2,sell,29,0.0
13,1,repair,30,0.0
13,0,vacant,30,0.0
13,2,sell,30,0.0
13,0,vacant,31,0.0
13,2,sell,31,0.0
13,1,repair,32,0.0
13,0,vacant,32,0.0
13,2,sell,32,0.0
13,1,repair,33,0.0
13,0,vacant,33,0.0
13,2,sell,33,0.0
13,1,repair,34,0.0
13,0,vacant,34,0.0
13,2,sell,34,0.0
13,1,repair,36,0.10247867156271019
13,0,vacant,36,0.0
13,2,sell,36,0.0
13,1,repair,37,0.0
13,0,vacant,37,0.0
13,2,sell,37,0.0
13,0,vacant,38,0.0
13,2,sell,38,0.0
13,0,vacant,39,0.0
13,2,sell,39,0.0
13,0,vacant,40,0.0
13,1,repair,41,0.0
13,0,vacant,41,0.0
13,2,sell,41,0.0
13,1,repair,42,0.0
13,0,vacant,42,0.0
13,1,repair,43,0.0
13,1,repair,44,0.0
13,0,vacant,44,0.0
13,2,sell,44,0.0
13,1,repair,45,0.17417566176257177
13,1,repair,46,0.0
13,0,vacant,46,0.0
13,2,sell,46,0.0
13,1,repair,47,0.0
13,0,vacant,47,0.0
13,2,sell,47,0.0
13,1,repair,48,0.0
13,0,vacant,48,0.0
13,2,sell,48,0.0
13,1,repair,49,0.0
13,0,vacant,49,0.0
13,2,sell,49,0.0
13,1,repair,50,0.0
13,0,vacant,50,0.0
13,2,sell,50,0.0
14,0,vacant,1,0.0
14,2,sell,1,0.0
14,1,repair,2,0.0
14,0,vacant,2,0.0
14,2,sell,2,0.0
14,1,repair,3,0.0
14,0,vacant,3,0.0
14,2,sell,3,0.0
14,0,vacant,4,0.0
14,2,sell,4,0.0
14,0,vacant,5,0.0
14,2,sell,5,0.0
14,1,repair,6,0.0
14,0,vacant,6,0.0
14,2,sell,6,0.0
14,1,repair,7,0.0
14,0,vacant,7,0.0
14,2,sell,7,0.0
14,2,sell,8,0.0
14,0,vacant,9,0.14510527168603185
14,1,repair,10,0.0
14,2,sell,10,0.15579844582628746
14,0,vacant,11,0.0
14,2,sell,11,0.0
14,1,repair,12,0.0
14,0,vacant,12,0.0
14,2,sell,12,0.0
14,1,repair,13,0.11462262337235565
14,0,vacant,13,0.0
14,2,sell,13,0.0
14,1,repair,14,0.0
14,0,vacant,14,0.0
14,2,sell,14,0.0
14,0,vacant,15,0.0
14,2,sell,15,0.0
14,1,repair,16,0.0
14,0,vacant,16,0.0
14,2,sell,16,0.0
14,1,repair,17,0.0
14,0,vacant,17,0.0
14,2,sell,17,0.0
14,0,vacant,18,0.0
14,2,sell,18,0.0
14,1,repair,19,0.0
14,0,vacant,19,0.0
14,2,sell,19,0.0
14,0,vacant,20,0.0
14,2,sell,20,0.0
14,1,repair,21,0.0
14,0,vacant,21,0.0
14,2,sell,21,0.0
14,1,repair,22,0.0
14,0,vacant,22,0.0
14,2,sell,22,0.0
14,1,repair,23,0.0
14,0,vacant,23,0.0
14,2,sell,23,0.0
14,1,repair,24,0.0
14,0,vacant,24,0.0
14,2,sell,24,0.0
14,1,repair,25,0.0
14,0,vacant,25,0.0
14,2,sell,25,0.0
14,1,repair,26,0.0
14,0,vacant,26,0.0
14,2,sell,26,0.0
14,1,repair,27,0.0
14,0,vacant,27,0.0
14,2,sell,27,0.0
14,0,vacant,28,0.0
14,2,sell,28,0.0
14,0,vacant,29,0.0
14,2,sell,29,0.0
14,1,repair,30,0.0
14,0,vacant,30,0.0
14,2,sell,30,0.0
14,0,vacant,31,0.0
14,2,sell,31,0.0
14,1,repair,32,0.0
14,0,vacant,32,0.0
14,2,sell,32,0.0
14,1,repair,33,0.0
14,0,vacant,33,0.0
14,2,sell,33,0.0
14,1,repair,34,0.0
14,0,vacant,34,0.0
14,2,sell,34,0.0
14,1,repair,36,0.10247867156271019
14,0,vacant,36,0.0
14,2,sell,36,0.0
14,1,repair,37,0.0
14,0,vacant,37,0.0
14,2,sell,37,0.0
14,0,vacant,38,0.0
14,2,sell,38,0.0
14,0,vacant,39,0.0
14,2,sell,39,0.0
14,0,vacant,40,0.0
14,1,repair,41,0.0
14,0,vacant,41,0.0
14,2,sell,41,0.0
14,1,repair,42,0.0
14,0,vacant,42,0.0
14,1,repair,43,0.0
14,1,repair,44,0.0
14,0,vacant,44,0.0
14,2,sell,44,0.0
14,1,repair,45,0.17417566176257177
14,0,vacant,46,0.0
14,2,sell,46,0.0
14,1,repair,47,0.0
14,0,vacant,47,0.0
14,2,sell,47,0.0
14,0,vacant,48,0.0
14,2,sell,48,0.0
14,1,repair,49,0.0
14,0,vacant,49,0.0
14,2,sell,49,0.0
14,1,repair,50,0.0
14,0,vacant,50,0.0
14,2,sell,50,0.0
15,0,vacant,1,0.0
15,2,sell,1,0.0
15,1,repair,2,0.0
15,0,vacant,2,0.0
15,2,sell,2,0.0
15,1,repair,3,0.0
15,0,vacant,3,0.0
15,2,sell,3,0.0
15,0,vacant,4,0.0
15,2,sell,4,0.0
15,0,vacant,5,0.0
15,2,sell,5,0.0
15,1,repair,6,0.0
15,0,vacant,6,0.0
15,2,sell,6,0.0
15,1,repair,7,0.0
15,0,vacant,7,0.0
15,2,sell,7,0.0
15,2,sell,8,0.0
15,0,vacant,9,0.14510527168603185
15,1,repair,10,0.0
15,2,sell,10,0.15579844582628746
15,0,vacant,11,0.0
15,2,sell,11,0.0
15,1,repair,12,0.0
15,0,vacant,12,0.0
15,2,sell,12,0.0
15,1,repair,13,0.11462262337235565
15,0,vacant,13,0.0
15,2,sell,13,0.0
15,1,repair,14,0.0
15,0,vacant,14,0.0
15,2,sell,14,0.0
15,0,vacant,15,0.0
15,2,sell,15,0.0
15,1,repair,16,0.0
15,0,vacant,16,0.0
15,2,sell,16,0.0
15,1,repair,17,0.0
15,0,vacant,17,0.0
15,2,sell,17,0.0
15,0,vacant,18,0.0
15,2,sell,18,0.0
15,1,repair,19,0.0
15,0,vacant,19,0.0
15,2,sell,19,0.0
15,0,vacant,20,0.0
15,2,sell,20,0.0
15,1,repair,21,0.0
15,0,vacant,21,0.0
15,2,sell,21,0.0
15,1,repair,22,0.0
15,0,vacant,22,0.0
15,2,sell,22,0.0
15,1,repair,23,0.0
15,0,vacant,23,0.0
15,2,sell,23,0.0
15,1,repair,24,0.0
15,0,vacant,24,0.0
15,2,sell,24,0.0
15,1,repair,25,0.0
15,0,vacant,25,0.0
15,2,sell,25,0.0
15,1,repair,26,0.0
15,0,vacant,26,0.0
15,2,sell,26,0.0
15,1,repair,27,0.0
15,0,vacant,27,0.0
15,2,sell,27,0.0
15,0,vacant,28,0.0
15,2,sell,28,0.0
15,0,vacant,29,0.0
15,2,sell,29,0.0
15,1,repair,30,0.0
15,0,vacant,30,0.0
15,2,sell,30,0.0
15,0,vacant,31,0.0
15,2,sell,31,0.0
15,0,vacant,32,0.0
15,2,sell,32,0.0
15,1,repair,33,0.0
15,0,vacant,33,0.0
15,2,sell,33,0.0
15,0,vacant,34,0.0
15,2,sell,34,0.0
15,1,repair,36,0.10247867156271019
15,0,vacant,36,0.0
15,2,sell,36,0.0
15,1,repair,37,0.0
15,0,vacant,37,0.0
15,2,sell,37,0.0
15,0,vacant,38,0.0
15,2,sell,38,0.0
15,0,vacant,39,0.0
15,2,sell,39,0.0
15,0,vacant,40,0.0
15,1,repair,41,0.0
15,0,vacant,41,0.0
15,2,sell,41,0.0
15,1,repair,42,0.0
15,0,vacant,42,0.0
15,1,repair,43,0.0
15,1,repair,44,0.0
15,0,vacant,44,0.0
15,2,sell,44,0.0
15,1,repair,45,0.17417566176257177
15,0,vacant,46,0.0
15,2,sell,46,0.0
15,1,repair,47,0.0
15,0,vacant,47,0.0
15,2,sell,47,0.0
15,0,vacant,48,0.0
15,2,sell,48,0.0
15,1,repair,49,0.0
15,0,vacant,49,0.0
15,2,sell,49,0.0
15,1,repair,50,0.0
15,0,vacant,50,0.0
15,2,sell,50,0.0
16,0,vacant,1,0.0
16,2,sell,1,0.0
16,1,repair,2,0.0
16,0,vacant,2,0.0
16,2,sell,2,0.0
16,1,repair,3,0.0
16,0,vacant,3,0.0
16,2,sell,3,0.0
16,0,vacant,4,0.0
16,2,sell,4,0.0
16,0,vacant,5,0.0
16,2,sell,5,0.0
16,1,repair,6,0.0
16,0,vacant,6,0.0
16,2,sell,6,0.0
16,1,repair,7,0.0
16,0,vacant,7,0.0
16,2,sell,7,0.0
16,2,sell,8,0.0
16,0,vacant,9,0.14510527168603185
16,1,repair,10,0.0
16,2,sell,10,0.15579844582628746
16,0,vacant,11,0.0
16,2,sell,11,0.0
16,1,repair,12,0.0
16,0,vacant,12,0.0
16,2,sell,12,0.0
16,1,repair,13,0.11462262337235565
16,0,vacant,13,0.0
16,2,sell,13,0.0
16,1,repair,14,0.0
16,0,vacant,14,0.0
16,2,sell,14,0.0
16,0,vacant,15,0.0
16,2,sell,15,0.0
16,1,repair,16,0.0
16,0,vacant,16,0.0
16,2,sell,16,0.0
16,1,repair,17,0.0
16,0,vacant,17,0.0
16,2,sell,17,0.0
16,0,vacant,18,0.0
16,2,sell,18,0.0
16,1,repair,19,0.0
16,0,vacant,19,0.0
16,2,sell,19,0.0
16,0,vacant,20,0.0
16,2,sell,20,0.0
16,1,repair,21,0.0
16,0,vacant,21,0.0
16,2,sell,21,0.0
16,1,repair,22,0.0
16,0,vacant,22,0.0
16,2,sell,22,0.0
16,1,repair,23,0.0
16,0,vacant,23,0.0
16,2,sell,23,0.0
16,0,vacant,24,0.0
16,2,sell,24,0.0
16,1,repair,25,0.0
16,0,vacant,25,0.0
16,2,sell,25,0.0
16,0,vacant,26,0.0
16,2,sell,26,0.0
16,1,repair,27,0.0
16,0,vacant,27,0.0
16,2,sell,27,0.0
16,0,vacant,28,0.0
16,2,sell,28,0.0
16,0,vacant,29,0.0
16,2,sell,29,0.0
16,1,repair,30,0.0
16,0,vacant,30,0.0
16,2,sell,30,0.0
16,0,vacant,31,0.0
16,2,sell,31,0.0
16,0,vacant,32,0.0
16,2,sell,32,0.0
16,1,repair,33,0.0
16,0,vacant,33,0.0
16,2,sell,33,0.0
16,0,vacant,34,0.0
16,2,sell,34,0.0
16,1,repair,36,0.10247867156271019
16,0,vacant,36,0.0
16,2,sell,36,0.0
16,1,repair,37,0.0
16,0,vacant,37,0.0
16,2,sell,37,0.0
16,0,vacant,38,0.0
16,2,sell,38,0.0
16,0,vacant,39,0.0
16,2,sell,39,0.0
16,0,vacant,40,0.0
16,1,repair,41,0.0
16,0,vacant,41,0.0
16,2,sell,41,0.0
16,1,repair,42,0.0
16,0,vacant,42,0.0
16,1,repair,43,0.0
16,1,repair,44,0.0
16,0,vacant,44,0.0
16,2,sell,44,0.0
16,1,repair,45,0.17417566176257177
16,0,vacant,46,0.0
16,2,sell,46,0.0
16,1,repair,47,0.0
16,0,vacant,47,0.0
16,2,sell,47,0.0
16,0,vacant,48,0.0
16,2,sell,48,0.0
16,1,repair,49,0.0
16,0,vacant,49,0.0
16,2,sell,49,0.0
16,1,repair,50,0.0
16,0,vacant,50,0.0
16,2,sell,50,0.0
17,0,vacant,1,0.0
17,2,sell,1,0.0
17,1,repair,2,0.0
17,0,vacant,2,0.0
17,1,repair,3,0.0
17,0,vacant,3,0.0
17,2,sell,3,0.0
17,0,vacant,4,0.0
17,2,sell,4,0.0
17,0,vacant,5,0.0
17,2,sell,5,0.0
17,1,repair,6,0.0
17,0,vacant,6,0.0
17,2,sell,6,0.0
17,1,repair,7,0.0
17,0,vacant,7,0.0
17,2,sell,7,0.0
17,2,sell,8,0.0
17,0,vacant,9,0.14510527168603185
17,1,repair,10,0.0
17,2,sell,10,0.15579844582628746
17,0,vacant,11,0.0
17,2,sell,11,0.0
17,1,repair,12,0.0
17,0,vacant,12,0.0
17,2,sell,12,0.0
17,1,repair,13,0.11462262337235565
17,0,vacant,13,0.0
17,2,sell,13,0.0
17,1,repair,14,0.0
17,0,vacant,14,0.0
17,2,sell,14,0.0
17,0,vacant,15,0.0
17,2,sell,15,0.0
17,1,repair,16,0.0
17,0,vacant,16,0.0
17,2,sell,16,0.0
17,1,repair,17,0.0
17,0,vacant,17,0.0
17,2,sell,17,0.0
17,0,vacant,18,0.0
17,2,sell,18,0.0
17,1,repair,19,0.0
17,0,vacant,19,0.0
17,2,sell,19,0.0
17,0,vacant,20,0.0
17,2,sell,20,0.0
17,1,repair,21,0.0
17,0,vacant,21,0.0
17,2,sell,21,0.0
17,1,repair,22,0.0
17,0,vacant,22,0.0
17,2,sell,22,0.0
17,1,repair,23,0.0
17,0,vacant,23,0.0
17,2,sell,23,0.0
17,0,vacant,24,0.0
17,2,sell,24,0.0
17,0,vacant,25,0.0
17,2,sell,25,0.0
17,0,vacant,26,0.0
17,2,sell,26,0.0
17,1,repair,27,0.0
17,0,vacant,27,0.0
17,2,sell,27,0.0
17,0,vacant,28,0.0
17,2,sell,28,0.0
17,0,vacant,29,0.0
17,2,sell,29,0.0
17,1,repair,30,0.0
17,0,vacant,30,0.0
17,2,sell,30,0.0
17,0,vacant,31,0.0
17,2,sell,31,0.0
17,0,vacant,32,0.0
17,2,sell,32,0.0
17,1,repair,33,0.0
17,0,vacant,33,0.0
17,2,sell,33,0.0
17,0,vacant,34,0.0
17,2,sell,34,0.0
17,1,repair,36,0.10247867156271019
17,0,vacant,36,0.0
17,2,sell,36,0.0
17,1,repair,37,0.0
17,0,vacant,37,0.0
17,2,sell,37,0.0
17,0,vacant,38,0.0
17,2,sell,38,0.0
17,0,vacant,39,0.0
17,2,sell,39,0.0
17,0,vacant,40,0.0
17,1,repair,41,0.0
17,0,vacant,41,0.0
17,2,sell,41,0.0
17,1,repair,42,0.0
17,0,vacant,42,0.0
17,1,repair,43,0.0
17,1,repair,44,0.0
17,0,vacant,44,0.0
17,2,sell,44,0.0
17,1,repair,45,0.17417566176257177
17,0,vacant,46,0.0
17,2,sell,46,0.0
17,1,repair,47,0.0
17,0,vacant,47,0.0
17,2,sell,47,0.0
17,0,vacant,48,0.0
17,2,sell,48,0.0
17,1,repair,49,0.0
17,0,vacant,49,0.0
17,2,sell,49,0.0
17,1,repair,50,0.0
17,0,vacant,50,0.0
17,2,sell,50,0.0
18,0,vacant,1,0.0
18,2,sell,1,0.0
18,1,repair,2,0.0
18,0,vacant,2,0.0
18,1,repair,3,0.0
18,0,vacant,3,0.0
18,2,sell,3,0.0
18,0,vacant,4,0.0
18,2,sell,4,0.0
18,0,vacant,5,0.0
18,2,sell,5,0.0
18,1,repair,6,0.0
18,0,vacant,6,0.0
18,2,sell,6,0.0
18,1,repair,7,0.0
18,0,vacant,7,0.0
18,2,sell,7,0.0
18,2,sell,8,0.0
18,0,vacant,9,0.14510527168603185
18,1,repair,10,0.0
18,2,sell,10,0.15579844582628746
18,0,vacant,11,0.0
18,2,sell,11,0.0
18,0,vacant,12,0.0
18,2,sell,12,0.0
18,1,repair,13,0.11462262337235565
18,0,vacant,13,0.0
18,2,sell,13,0.0
18,1,repair,14,0.0
18,0,vacant,14,0.0
18,2,sell,14,0.0
18,0,vacant,15,0.0
18,2,sell,15,0.0
18,1,repair,16,0.0
18,0,vacant,16,0.0
18,2,sell,16,0.0
18,1,repair,17,0.0
18,0,vacant,17,0.0
18,2,sell,17,0.0
18,0,vacant,18,0.0
18,2,sell,18,0.0
18,1,repair,19,0.0
18,0,vacant,19,0.0
18,2,sell,19,0.0
18,0,vacant,20,0.0
18,2,sell,20,0.0
18,1,repair,21,0.0
18,0,vacant,21,0.0
18,2,sell,21,0.0
18,1,repair,22,0.0
18,0,vacant,22,0.0
18,2,sell,22,0.0
18,1,repair,23,0.0
18,0,vacant,23,0.0
18,2,sell,23,0.0
18,0,vacant,24,0.0
18,2,sell,24,0.0
18,0,vacant,25,0.0
18,2,sell,25,0.0
18,0,vacant,26,0.0
18,2,sell,26,0.0
18,1,repair,27,0.0
18,0,vacant,27,0.0
18,2,sell,27,0.0
18,0,vacant,28,0.0
18,2,sell,28,0.0
18,0,vacant,29,0.0
18,2,sell,29,0.0
18,0,vacant,30,0.0
18,2,sell,30,0.0
18,0,vacant,31,0.0
18,2,sell,31,0.0
18,0,vacant,32,0.0
18,2,sell,32,0.0
18,1,repair,33,0.0
18,0,vacant,33,0.0
18,2,sell,33,0.0
18,0,vacant,34,0.0
18,2,sell,34,0.0
18,1,repair,36,0.10247867156271019
18,0,vacant,36,0.0
18,2,sell,36,0.0
18,1,repair,37,0.0
18,0,vacant,37,0.0
18,2,sell,37,0.0
18,0,vacant,38,0.0
18,2,sell,38,0.0
18,0,vacant,39,0.0
18,2,sell,39,0.0
18,0,vacant,40,0.0
18,1,repair,41,0.0
18,0,vacant,41,0.0
18,2,sell,41,0.0
18,1,repair,42,0.0
18,0,vacant,42,0.0
18,1,repair,43,0.0
18,1,repair,44,0.0
18,0,vacant,44,0.0
18,2,sell,44,0.0
18,1,repair,45,0.17417566176257177
18,0,vacant,46,0.0
18,2,sell,46,0.0
18,1,repair,47,0.0
18,0,vacant,47,0.0
18,2,sell,47,0.0
18,0,vacant,48,0.0
18,2,sell,48,0.0
18,1,repair,49,0.0
18,0,vacant,49,0.0
18,2,sell,49,0.0
18,1,repair,50,0.0
18,0,vacant,50,0.0
18,2,sell,50,0.0
19,0,vacant,1,0.0
19,2,sell,1,0.0
19,1,repair,2,0.0
19,0,vacant,2,0.0
19,1,repair,3,0.0
19,0,vacant,3,0.0
19,2,sell,3,0.0
19,0,vacant,4,0.0
19,2,sell,4,0.0
19,0,vacant,5,0.0
19,2,sell,5,0.0
19,1,repair,6,0.0
19,0,vacant,6,0.0
19,2,sell,6,0.0
19,1,repair,7,0.0
19,0,vacant,7,0.0
19,2,sell,7,0.0
19,2,sell,8,0.0
19,0,vacant,9,0.14510527168603185
19,1,repair,10,0.0
19,2,sell,10,0.15579844582628746
19,0,vacant,11,0.0
19,2,sell,11,0.0
19,0,vacant,12,0.0
19,2,sell,12,0.0
19,1,repair,13,0.11462262337235565
19,0,vacant,13,0.0
19,2,sell,13,0.0
19,1,repair,14,0.0
19,0,vacant,14,0.0
19,2,sell,14,0.0
19,0,vacant,15,0.0
19,2,sell,15,0.0
19,1,repair,16,0.0
19,0,vacant,16,0.0
19,2,sell,16,0.0
19,1,repair,17,0.0
19,0,vacant,17,0.0
19,2,sell,17,0.0
19,0,vacant,18,0.0
19,2,sell,18,0.0
19,1,repair,19,0.0
19,0,vacant,19,0.0
19,2,sell,19,0.0
19,0,vacant,20,0.0
19,2,sell,20,0.0
19,1,repair,21,0.0
19,0,vacant,21,0.0
19,2,sell,21,0.0
19,1,repair,22,0.0
19,0,vacant,22,0.0
19,2,sell,22,0.0
19,1,repair,23,0.0
19,0,vacant,23,0.0
19,2,sell,23,0.0
19,0,vacant,24,0.0
19,2,sell,24,0.0
19,0,vacant,25,0.0
19,2,sell,25,0.0
19,0,vacant,26,0.0
19,2,sell,26,0.0
19,1,repair,27,0.0
19,0,vacant,27,0.0
19,2,sell,27,0.0
19,0,vacant,28,0.0
19,2,sell,28,0.0
19,0,vacant,29,0.0
19,2,sell,29,0.0
19,0,vacant,30,0.0
19,2,sell,30,0.0
19,0,vacant,31,0.0
19,2,sell,31,0.0
19,0,vacant,32,0.0
19,2,sell,32,0.0
19,1,repair,33,0.0
19,0,vacant,33,0.0
19,2,sell,33,0.0
19,0,vacant,34,0.0
19,2,sell,34,0.0
19,1,repair,36,0.10247867156271019
19,0,vacant,36,0.0
19,2,sell,36,0.0
19,1,repair,37,0.0
19,0,vacant,37,0.0
19,2,sell,37,0.0
19,0,vacant,38,0.0
19,2,sell,38,0.0
19,0,vacant,39,0.0
19,2,sell,39,0.0
19,0,vacant,40,0.0
19,1,repair,41,0.0
19,0,vacant,41,0.0
19,2,sell,41,0.0
19,1,repair,42,0.0
19,0,vacant,42,0.0
19,1,repair,43,0.0
19,1,repair,44,0.0
19,0,vacant,44,0.0
19,2,sell,44,0.0
19,1,repair,45,0.17417566176257177
19,0,vacant,46,0.0
19,2,sell,46,0.0
19,1,repair,47,0.0
19,0,vacant,47,0.0
19,2,sell,47,0.0
19,0,vacant,48,0.0
19,2,sell,48,0.0
19,1,repair,49,0.0
19,0,vacant,49,0.0
19,2,sell,49,0.0
19,1,repair,50,0.0
19,0,vacant,50,0.0
19,2,sell,50,0.0
20,0,vacant,1,0.0
20,2,sell,1,0.0
20,1,repair,2,0.0
20,0,vacant,2,0.0
20,1,repair,3,0.0
20,0,vacant,3,0.0
20,2,sell,3,0.0
20,0,vacant,4,0.0
20,2,sell,4,0.0
20,0,vacant,5,0.0
20,2,sell,5,0.0
20,1,repair,6,0.0
20,0,vacant,6,0.0
20,2,sell,6,0.0
20,1,repair,7,0.0
20,0,vacant,7,0.0
20,2,sell,7,0.0
20,2,sell,8,0.0
20,0,vacant,9,0.14510527168603185
20,1,repair,10,0.0
20,2,sell,10,0.15579844582628746
20,0,vacant,11,0.0
20,2,sell,11,0.0
20,0,vacant,12,0.0
20,2,sell,12,0.0
20,1,repair,13,0.11462262337235565
20,0,vacant,13,0.0
20,2,sell,13,0.0
20,1,repair,14,0.0
20,0,vacant,14,0.0
20,2,sell,14,0.0
20,0,vacant,15,0.0
20,2,sell,15,0.0
20,1,repair,16,0.0
20,0,vacant,16,0.0
20,2,sell,16,0.0
20,1,repair,17,0.0
20,0,vacant,17,0.0
20,2,sell,17,0.0
20,0,vacant,18,0.0
20,2,sell,18,0.0
20,1,repair,19,0.0
20,0,vacant,19,0.0
20,2,sell,19,0.0
20,0,vacant,20,0.0
20,2,sell,20,0.0
20,1,repair,21,0.0
20,0,vacant,21,0.0
20,2,sell,21,0.0
20,1,repair,22,0.0
20,0,vacant,22,0.0
20,2,sell,22,0.0
20,1,repair,23,0.0
20,0,vacant,23,0.0
20,2,sell,23,0.0
20,0,vacant,24,0.0
20,2,sell,24,0.0
20,0,vacant,25,0.0
20,2,sell,25,0.0
20,0,vacant,26,0.0
20,2,sell,26,0.0
20,1,repair,27,0.0
20,0,vacant,27,0.0
20,2,sell,27,0.0
20,0,vacant,28,0.0
20,2,sell,28,0.0
20,0,vacant,29,0.0
20,2,sell,29,0.0
20,0,vacant,30,0.0
20,2,sell,30,0.0
20,0,vacant,31,0.0
20,2,sell,31,0.0
20,0,vacant,32,0.0
20,2,sell,32,0.0
20,1,repair,33,0.0
20,0,vacant,33,0.0
20,2,sell,33,0.0
20,0,vacant,34,0.0
20,2,sell,34,0.0
20,1,repair,36,0.10247867156271019
20,0,vacant,36,0.0
20,2,sell,36,0.0
20,1,repair,37,0.0
20,0,vacant,37,0.0
20,2,sell,37,0.0
20,0,vacant,38,0.0
20,2,sell,38,0.0
20,0,vacant,39,0.0
20,2,sell,39,0.0
20,0,vacant,40,0.0
20,1,repair,41,0.0
20,0,vacant,41,0.0
20,2,sell,41,0.0
20,1,repair,42,0.0
20,0,vacant,42,0.0
20,1,repair,43,0.0
20,1,repair,44,0.0
20,0,vacant,44,0.0
20,2,sell,44,0.0
20,1,repair,45,0.17417566176257177
20,0,vacant,46,0.0
20,2,sell,46,0.0
20,1,repair,47,0.0
20,0,vacant,47,0.0
20,2,sell,47,0.0
20,0,vacant,48,0.0
20,2,sell,48,0.0
20,1,repair,49,0.0
20,0,vacant,49,0.0
20,2,sell,49,0.0
20,1,repair,50,0.0
20,0,vacant,50,0.0
20,2,sell,50,0.0
21,0,vacant,1,0.0
21,2,sell,1,0.0
21,1,repair,2,0.0
21,0,vacant,2,0.0
21,1,repair,3,0.0
21,0,vacant,3,0.0
21,2,sell,3,0.0
21,0,vacant,4,0.0
21,2,sell,4,0.0
21,0,vacant,5,0.0
21,2,sell,5,0.0
21,1,repair,6,0.0
21,0,vacant,6,0.0
21,2,sell,6,0.0
21,1,repair,7,0.0
21,0,vacant,7,0.0
21,2,sell,7,0.0
21,2,sell,8,0.0
21,0,vacant,9,0.14510527168603185
21,1,repair,10,0.0
21,2,sell,10,0.15579844582628746
21,0,vacant,11,0.0
21,2,sell,11,0.0
21,0,vacant,12,0.0
21,2,sell,12,0.0
21,1,repair,13,0.11462262337235565
21,0,vacant,13,0.0
21,2,sell,13,0.0
21,1,repair,14,0.0
21,0,vacant,14,0.0
21,2,sell,14,0.0
21,0,vacant,15,0.0
21,2,sell,15,0.0
21,1,repair,16,0.0
21,0,vacant,16,0.0
21,2,sell,16,0.0
21,1,repair,17,0.0
21,0,vacant,17,0.0
21,2,sell,17,0.0
21,0,vacant,18,0.0
21,2,sell,18,0.0
21,1,repair,19,0.0
21,0,vacant,19,0.0
21,2,sell,19,0.0
21,0,vacant,20,0.0
21,2,sell,20,0.0
21,1,repair,21,0.0
21,0,vacant,21,0.0
21,2,sell,21,0.0
21,1,repair,22,0.0
21,0,vacant,22,0.0
21,2,sell,22,0.0
21,1,repair,23,0.0
21,0,vacant,23,0.0
21,2,sell,23,0.0
21,0,vacant,24,0.0
21,2,sell,24,0.0
21,0,vacant,25,0.0
21,2,sell,25,0.0
21,0,vacant,26,0.0
21,2,sell,26,0.0
21,1,repair,27,0.0
21,0,vacant,27,0.0
21,2,sell,27,0.0
21,0,vacant,28,0.0
21,2,sell,28,0.0
21,0,vacant,29,0.0
21,2,sell,29,0.0
21,0,vacant,30,0.0
21,2,sell,30,0.0
21,0,vacant,31,0.0
21,2,sell,31,0.0
21,0,vacant,32,0.0
21,2,sell,32,0.0
21,1,repair,33,0.0
21,0,vacant,33,0.0
21,2,sell,33,0.0
21,0,vacant,34,0.0
21,2,sell,34,0.0
21,1,repair,36,0.10247867156271019
21,0,vacant,36,0.0
21,2,sell,36,0.0
21,1,repair,37,0.0
21,0,vacant,37,0.0
21,2,sell,37,0.0
21,0,vacant,38,0.0
21,2,sell,38,0.0
21,0,vacant,39,0.0
21,2,sell,39,0.0
21,0,vacant,40,0.0
21,1,repair,41,0.0
21,0,vacant,41,0.0
21,2,sell,41,0.0
21,1,repair,42,0.0
21,0,vacant,42,0.0
21,1,repair,43,0.0
21,1,repair,44,0.0
21,0,vacant,44,0.0
21,2,sell,44,0.0
21,1,repair,45,0.17417566176257177
21,0,vacant,46,0.0
21,2,sell,46,0.0
21,1,repair,47,0.0
21,0,vacant,47,0.0
21,2,sell,47,0.0
21,0,vacant,48,0.0
21,2,sell,48,0.0
21,1,repair,49,0.0
21,0,vacant,49,0.0
21,2,sell,49,0.0
21,1,repair,50,0.0
21,0,vacant,50,0.0
21,2,sell,50,0.0
22,0,vacant,1,0.0
22,2,sell,1,0.0
22,1,repair,2,0.0
22,0,vacant,2,0.0
22,1,repair,3,0.0
22,0,vacant,3,0.0
22,2,sell,3,0.0
22,0,vacant,4,0.0
22,2,sell,4,0.0
22,0,vacant,5,0.0
22,2,sell,5,0.0
22,1,repair,6,0.0
22,0,vacant,6,0.0
22,2,sell,6,0.0
22,1,repair,7,0.0
22,0,vacant,7,0.0
22,2,sell,7,0.0
22,2,sell,8,0.0
22,0,vacant,9,0.14510527168603185
22,1,repair,10,0.0
22,2,sell,10,0.15579844582628746
22,0,vacant,11,0.0
22,2,sell,11,0.0
22,0,vacant,12,0.0
22,2,sell,12,0.0
22,1,repair,13,0.11462262337235565
22,0,vacant,13,0.0
22,2,sell,13,0.0
22,1,repair,14,0.0
22,0,vacant,14,0.0
22,2,sell,14,0.0
22,0,vacant,15,0.0
22,2,sell,15,0.0
22,1,repair,16,0.0
22,0,vacant,16,0.0
22,2,sell,16,0.0
22,1,repair,17,0.0
22,0,vacant,17,0.0
22,2,sell,17,0.0
22,0,vacant,18,0.0
22,2,sell,18,0.0
22,1,repair,19,0.0
22,0,vacant,19,0.0
22,2,sell,19,0.0
22,0,vacant,20,0.0
22,2,sell,20,0.0
22,1,repair,21,0.0
22,0,vacant,21,0.0
22,2,sell,21,0.0
22,1,repair,22,0.0
22,0,vacant,22,0.0
22,2,sell,22,0.0
22,1,repair,23,0.0
22,0,vacant,23,0.0
22,2,sell,23,0.0
22,0,vacant,24,0.0
22,2,sell,24,0.0
22,0,vacant,25,0.0
22,2,sell,25,0.0
22,0,vacant,26,0.0
22,2,sell,26,0.0
22,1,repair,27,0.0
22,0,vacant,27,0.0
22,2,sell,27,0.0
22,0,vacant,28,0.0
22,2,sell,28,0.0
22,0,vacant,29,0.0
22,2,sell,29,0.0
22,0,vacant,30,0.0
22,2,sell,30,0.0
22,0,vacant,31,0.0
22,2,sell,31,0.0
22,0,vacant,32,0.0
22,2,sell,32,0.0
22,1,repair,33,0.0
22,0,vacant,33,0.0
22,2,sell,33,0.0
22,0,vacant,34,0.0
22,2,sell,34,0.0
22,1,repair,36,0.10247867156271019
22,0,vacant,36,0.0
22,2,sell,36,0.0
22,1,repair,37,0.0
22,0,vacant,37,0.0
22,2,sell,37,0.0
22,0,vacant,38,0.0
22,2,sell,38,0.0
22,0,vacant,39,0.0
22,2,sell,39,0.0
22,0,vacant,40,0.0
22,1,repair,41,0.0
22,0,vacant,41,0.0
22,2,sell,41,0.0
22,1,repair,42,0.0
22,0,vacant,42,0.0
22,1,repair,43,0.0
22,1,repair,44,0.0
22,0,vacant,44,0.0
22,2,sell,44,0.0
22,1,repair,45,0.17417566176257177
22,0,vacant,46,0.0
22,2,sell,46,0.0
22,1,repair,47,0.0
22,0,vacant,47,0.0
22,2,sell,47,0.0
22,0,vacant,48,0.0
22,2,sell,48,0.0
22,1,repair,49,0.0
22,0,vacant,49,0.0
22,2,sell,49,0.0
22,1,repair,50,0.0
22,0,vacant,50,0.0
22,2,sell,50,0.0
23,0,vacant,1,0.0
23,2,sell,1,0.0
23,1,repair,2,0.0
23,0,vacant,2,0.0
23,1,repair,3,0.0
23,0,vacant,3,0.0
23,2,sell,3,0.0
23,0,vacant,4,0.0
23,2,sell,4,0.0
23,0,vacant,5,0.0
23,2,sell,5,0.0
23,1,repair,6,0.0
23,0,vacant,6,0.0
23,2,sell,6,0.0
23,1,repair,7,0.0
23,0,vacant,7,0.0
23,2,sell,7,0.0
23,2,sell,8,0.0
23,0,vacant,9,0.14510527168603185
23,1,repair,10,0.0
23,2,sell,10,0.15579844582628746
23,0,vacant,11,0.0
23,2,sell,11,0.0
23,0,vacant,12,0.0
23,2,sell,12,0.0
23,1,repair,13,0.11462262337235565
23,0,vacant,13,0.0
23,2,sell,13,0.0
23,1,repair,14,0.0
23,0,vacant,14,0.0
23,2,sell,14,0.0
23,0,vacant,15,0.0
23,2,sell,15,0.0
23,1,repair,16,0.0
23,0,vacant,16,0.0
23,2,sell,16,0.0
23,1,repair,17,0.0
23,0,vacant,17,0.0
23,2,sell,17,0.0
23,0,vacant,18,0.0
23,2,sell,18,0.0
23,1,repair,19,0.0
23,0,vacant,19,0.0
23,2,sell,19,0.0
23,0,vacant,20,0.0
23,2,sell,20,0.0
23,1,repair,21,0.0
23,0,vacant,21,0.0
23,2,sell,21,0.0
23,1,repair,22,0.0
23,0,vacant,22,0.0
23,2,sell,22,0.0
23,1,repair,23,0.0
23,0,vacant,23,0.0
23,2,sell,23,0.0
23,0,vacant,24,0.0
23,2,sell,24,0.0
23,0,vacant,25,0.0
23,2,sell,25,0.0
23,0,vacant,26,0.0
23,2,sell,26,0.0
23,1,repair,27,0.0
23,0,vacant,27,0.0
23,2,sell,27,0.0
23,0,vacant,28,0.0
23,2,sell,28,0.0
23,0,vacant,29,0.0
23,2,sell,29,0.0
23,0,vacant,30,0.0
23,2,sell,30,0.0
23,0,vacant,31,0.0
23,2,sell,31,0.0
23,0,vacant,32,0.0
23,2,sell,32,0.0
23,1,repair,33,0.0
23,0,vacant,33,0.0
23,2,sell,33,0.0
23,0,vacant,34,0.0
23,2,sell,34,0.0
23,1,repair,36,0.10247867156271019
23,0,vacant,36,0.0
23,2,sell,36,0.0
23,1,repair,37,0.0
23,0,vacant,37,0.0
23,2,sell,37,0.0
23,0,vacant,38,0.0
23,2,sell,38,0.0
23,0,vacant,39,0.0
23,2,sell,39,0.0
23,0,vacant,40,0.0
23,1,repair,41,0.0
23,0,vacant,41,0.0
23,2,sell,41,0.0
23,1,repair,42,0.0
23,0,vacant,42,0.0
23,1,repair,43,0.0
23,1,repair,44,0.0
23,0,vacant,44,0.0
23,2,sell,44,0.0
23,1,repair,45,0.17417566176257177
23,0,vacant,46,0.0
23,2,sell,46,0.0
23,1,repair,47,0.0
23,0,vacant,47,0.0
23,2,sell,47,0.0
23,0,vacant,48,0.0
23,2,sell,48,0.0
23,1,repair,49,0.0
23,0,vacant,49,0.0
23,2,sell,49,0.0
23,0,vacant,50,0.0
23,2,sell,50,0.0
